model,case,n_images,psnr_db,ssim,sam_deg,result_key,result_layout_handling,gt_key,gt_layout,result_directory,gt_directory,checkpoint_provenance,method_note,scope_note
HSDT,non_iid_gaussian,50,46.219872,0.99704350,2.077931,restored,CHW（无需转置）,gt,CHW,/root/autodl-tmp/results/HSDT/complex/non_iid_gaussian,/root/autodl-tmp/datasets/ICVL/Test_Noise/complex/non_iid_gaussian,checkpoints/HSDT/hsdt_l/complex/model_best.pth; checkpoint_sha256=f5e58e2ffc4242e11b189238dc705a5cb607510622e7df75ed5dc0d3215bed90; runner_sha256=2996e3df8b53d4dcf05938bfed50b5d5043021b767effc3bd0563e12e81dc80b; shared_io_sha256=ecf23c31bfb1234031b7917160ad2d79146694ecfd663c91beb89d1a0edd2004; run_fingerprint=8fec9ea5abb894cf865dbb8eb430c8effd98e5854485fe348dee91bc6d859d63,严格复现 S2TDM Engine.test：CHW；输出和GT均不裁剪；无mask/边缘crop；PSNR逐波段后平均；SSIM为逐波段全图均值/协方差/方差公式后平均（非滑窗SSIM）；SAM逐像素光谱角后平均并转为度；最后对50张图作算术平均。,ICVL Complex 五类噪声，每个已完成模型/case 50张；NGMeet 在外部设备运行，待上传后按同一 S2TDM 原生口径补齐。
HSDT,gaussian_stripe,50,45.876873,0.99674005,2.167456,restored,CHW（无需转置）,gt,CHW,/root/autodl-tmp/results/HSDT/complex/gaussian_stripe,/root/autodl-tmp/datasets/ICVL/Test_Noise/complex/gaussian_stripe,checkpoints/HSDT/hsdt_l/complex/model_best.pth; checkpoint_sha256=f5e58e2ffc4242e11b189238dc705a5cb607510622e7df75ed5dc0d3215bed90; runner_sha256=2996e3df8b53d4dcf05938bfed50b5d5043021b767effc3bd0563e12e81dc80b; shared_io_sha256=ecf23c31bfb1234031b7917160ad2d79146694ecfd663c91beb89d1a0edd2004; run_fingerprint=d066122cc9e39fe8804e84c5417f49e8e316f0d95be0e13eff2925375cfe996a,严格复现 S2TDM Engine.test：CHW；输出和GT均不裁剪；无mask/边缘crop；PSNR逐波段后平均；SSIM为逐波段全图均值/协方差/方差公式后平均（非滑窗SSIM）；SAM逐像素光谱角后平均并转为度；最后对50张图作算术平均。,ICVL Complex 五类噪声，每个已完成模型/case 50张；NGMeet 在外部设备运行，待上传后按同一 S2TDM 原生口径补齐。
HSDT,gaussian_deadline,50,45.829913,0.99684287,2.145163,restored,CHW（无需转置）,gt,CHW,/root/autodl-tmp/results/HSDT/complex/gaussian_deadline,/root/autodl-tmp/datasets/ICVL/Test_Noise/complex/gaussian_deadline,checkpoints/HSDT/hsdt_l/complex/model_best.pth; checkpoint_sha256=f5e58e2ffc4242e11b189238dc705a5cb607510622e7df75ed5dc0d3215bed90; runner_sha256=2996e3df8b53d4dcf05938bfed50b5d5043021b767effc3bd0563e12e81dc80b; shared_io_sha256=ecf23c31bfb1234031b7917160ad2d79146694ecfd663c91beb89d1a0edd2004; run_fingerprint=c5301416455ab876983133141c9fe51b55f85d54b40852c48ad0ae80d86e9943,严格复现 S2TDM Engine.test：CHW；输出和GT均不裁剪；无mask/边缘crop；PSNR逐波段后平均；SSIM为逐波段全图均值/协方差/方差公式后平均（非滑窗SSIM）；SAM逐像素光谱角后平均并转为度；最后对50张图作算术平均。,ICVL Complex 五类噪声，每个已完成模型/case 50张；NGMeet 在外部设备运行，待上传后按同一 S2TDM 原生口径补齐。
HSDT,gaussian_impulse,50,45.130098,0.99623914,2.476338,restored,CHW（无需转置）,gt,CHW,/root/autodl-tmp/results/HSDT/complex/gaussian_impulse,/root/autodl-tmp/datasets/ICVL/Test_Noise/complex/gaussian_impulse,checkpoints/HSDT/hsdt_l/complex/model_best.pth; checkpoint_sha256=f5e58e2ffc4242e11b189238dc705a5cb607510622e7df75ed5dc0d3215bed90; runner_sha256=2996e3df8b53d4dcf05938bfed50b5d5043021b767effc3bd0563e12e81dc80b; shared_io_sha256=ecf23c31bfb1234031b7917160ad2d79146694ecfd663c91beb89d1a0edd2004; run_fingerprint=ba07c1f9d0735d81133963c4afe6f15a621058676bc09efc577ecd5e83d23d3d,严格复现 S2TDM Engine.test：CHW；输出和GT均不裁剪；无mask/边缘crop；PSNR逐波段后平均；SSIM为逐波段全图均值/协方差/方差公式后平均（非滑窗SSIM）；SAM逐像素光谱角后平均并转为度；最后对50张图作算术平均。,ICVL Complex 五类噪声，每个已完成模型/case 50张；NGMeet 在外部设备运行，待上传后按同一 S2TDM 原生口径补齐。
HSDT,gaussian_mixture,50,43.810926,0.99508112,2.785116,restored,CHW（无需转置）,gt,CHW,/root/autodl-tmp/results/HSDT/complex/gaussian_mixture,/root/autodl-tmp/datasets/ICVL/Test_Noise/complex/gaussian_mixture,checkpoints/HSDT/hsdt_l/complex/model_best.pth; checkpoint_sha256=f5e58e2ffc4242e11b189238dc705a5cb607510622e7df75ed5dc0d3215bed90; runner_sha256=2996e3df8b53d4dcf05938bfed50b5d5043021b767effc3bd0563e12e81dc80b; shared_io_sha256=ecf23c31bfb1234031b7917160ad2d79146694ecfd663c91beb89d1a0edd2004; run_fingerprint=59f395a0c5ea97fbbb18be83514466e6508b6a356b3d752bbaacf7b0a56d2127,严格复现 S2TDM Engine.test：CHW；输出和GT均不裁剪；无mask/边缘crop；PSNR逐波段后平均；SSIM为逐波段全图均值/协方差/方差公式后平均（非滑窗SSIM）；SAM逐像素光谱角后平均并转为度；最后对50张图作算术平均。,ICVL Complex 五类噪声，每个已完成模型/case 50张；NGMeet 在外部设备运行，待上传后按同一 S2TDM 原生口径补齐。
QRNN3D,non_iid_gaussian,50,44.303036,0.99561066,3.010758,restored,CHW（无需转置）,gt,CHW,/root/autodl-tmp/results/QRNN3D/complex/non_iid_gaussian,/root/autodl-tmp/datasets/ICVL/Test_Noise/complex/non_iid_gaussian,checkpoints/QRNN3D/complex/model_epoch_100_159904.pth; checkpoint_sha256=355fb9b97acf6df5b6018efcef9dc8a908b865f2fc5314145be2f24f7afef64a; runner_sha256=f28a467ddb9c592fb6eef38db915f49d87647db99c3374e146642b6a36590278; shared_io_sha256=ecf23c31bfb1234031b7917160ad2d79146694ecfd663c91beb89d1a0edd2004; run_fingerprint=6ca5e8b9b257347b44ab8338bd3f085f699b757ab835a9b1e5f64a40b0f9572d,严格复现 S2TDM Engine.test：CHW；输出和GT均不裁剪；无mask/边缘crop；PSNR逐波段后平均；SSIM为逐波段全图均值/协方差/方差公式后平均（非滑窗SSIM）；SAM逐像素光谱角后平均并转为度；最后对50张图作算术平均。,ICVL Complex 五类噪声，每个已完成模型/case 50张；NGMeet 在外部设备运行，待上传后按同一 S2TDM 原生口径补齐。
QRNN3D,gaussian_stripe,50,43.866163,0.99512130,3.149283,restored,CHW（无需转置）,gt,CHW,/root/autodl-tmp/results/QRNN3D/complex/gaussian_stripe,/root/autodl-tmp/datasets/ICVL/Test_Noise/complex/gaussian_stripe,checkpoints/QRNN3D/complex/model_epoch_100_159904.pth; checkpoint_sha256=355fb9b97acf6df5b6018efcef9dc8a908b865f2fc5314145be2f24f7afef64a; runner_sha256=f28a467ddb9c592fb6eef38db915f49d87647db99c3374e146642b6a36590278; shared_io_sha256=ecf23c31bfb1234031b7917160ad2d79146694ecfd663c91beb89d1a0edd2004; run_fingerprint=df21f3eb6a77fb148d03b4f9680d8bb5d93c525504f844367277093f74c6c5a0,严格复现 S2TDM Engine.test：CHW；输出和GT均不裁剪；无mask/边缘crop；PSNR逐波段后平均；SSIM为逐波段全图均值/协方差/方差公式后平均（非滑窗SSIM）；SAM逐像素光谱角后平均并转为度；最后对50张图作算术平均。,ICVL Complex 五类噪声，每个已完成模型/case 50张；NGMeet 在外部设备运行，待上传后按同一 S2TDM 原生口径补齐。
QRNN3D,gaussian_deadline,50,43.686030,0.99491715,3.210465,restored,CHW（无需转置）,gt,CHW,/root/autodl-tmp/results/QRNN3D/complex/gaussian_deadline,/root/autodl-tmp/datasets/ICVL/Test_Noise/complex/gaussian_deadline,checkpoints/QRNN3D/complex/model_epoch_100_159904.pth; checkpoint_sha256=355fb9b97acf6df5b6018efcef9dc8a908b865f2fc5314145be2f24f7afef64a; runner_sha256=f28a467ddb9c592fb6eef38db915f49d87647db99c3374e146642b6a36590278; shared_io_sha256=ecf23c31bfb1234031b7917160ad2d79146694ecfd663c91beb89d1a0edd2004; run_fingerprint=7f6f62513df0557fb22296730a5bc14b0470c41b7844052561b9db173c85925f,严格复现 S2TDM Engine.test：CHW；输出和GT均不裁剪；无mask/边缘crop；PSNR逐波段后平均；SSIM为逐波段全图均值/协方差/方差公式后平均（非滑窗SSIM）；SAM逐像素光谱角后平均并转为度；最后对50张图作算术平均。,ICVL Complex 五类噪声，每个已完成模型/case 50张；NGMeet 在外部设备运行，待上传后按同一 S2TDM 原生口径补齐。
QRNN3D,gaussian_impulse,50,42.803798,0.99261315,4.528424,restored,CHW（无需转置）,gt,CHW,/root/autodl-tmp/results/QRNN3D/complex/gaussian_impulse,/root/autodl-tmp/datasets/ICVL/Test_Noise/complex/gaussian_impulse,checkpoints/QRNN3D/complex/model_epoch_100_159904.pth; checkpoint_sha256=355fb9b97acf6df5b6018efcef9dc8a908b865f2fc5314145be2f24f7afef64a; runner_sha256=f28a467ddb9c592fb6eef38db915f49d87647db99c3374e146642b6a36590278; shared_io_sha256=ecf23c31bfb1234031b7917160ad2d79146694ecfd663c91beb89d1a0edd2004; run_fingerprint=1667964cdaea81dca7a2b8f7b865cfa458a0ce7d9ee8c47938bcaf57f00cb074,严格复现 S2TDM Engine.test：CHW；输出和GT均不裁剪；无mask/边缘crop；PSNR逐波段后平均；SSIM为逐波段全图均值/协方差/方差公式后平均（非滑窗SSIM）；SAM逐像素光谱角后平均并转为度；最后对50张图作算术平均。,ICVL Complex 五类噪声，每个已完成模型/case 50张；NGMeet 在外部设备运行，待上传后按同一 S2TDM 原生口径补齐。
QRNN3D,gaussian_mixture,50,41.242675,0.99052318,4.921646,restored,CHW（无需转置）,gt,CHW,/root/autodl-tmp/results/QRNN3D/complex/gaussian_mixture,/root/autodl-tmp/datasets/ICVL/Test_Noise/complex/gaussian_mixture,checkpoints/QRNN3D/complex/model_epoch_100_159904.pth; checkpoint_sha256=355fb9b97acf6df5b6018efcef9dc8a908b865f2fc5314145be2f24f7afef64a; runner_sha256=f28a467ddb9c592fb6eef38db915f49d87647db99c3374e146642b6a36590278; shared_io_sha256=ecf23c31bfb1234031b7917160ad2d79146694ecfd663c91beb89d1a0edd2004; run_fingerprint=5b23d4c6630cadea24f43cfa7b3f50e0accab022ea8c3920de70881511281e04,严格复现 S2TDM Engine.test：CHW；输出和GT均不裁剪；无mask/边缘crop；PSNR逐波段后平均；SSIM为逐波段全图均值/协方差/方差公式后平均（非滑窗SSIM）；SAM逐像素光谱角后平均并转为度；最后对50张图作算术平均。,ICVL Complex 五类噪声，每个已完成模型/case 50张；NGMeet 在外部设备运行，待上传后按同一 S2TDM 原生口径补齐。
S2TDM,non_iid_gaussian,50,45.750657,0.99695721,2.122758,restored,CHW（无需转置）,gt,CHW,/root/autodl-tmp/results/S2TDM/complex/non_iid_gaussian,/root/autodl-tmp/datasets/ICVL/Test_Noise/complex/non_iid_gaussian,checkpoints/S2TDM/model_complex.pth; checkpoint_sha256=b61cc696627b766c5f06e1f4c9d216634091c3baf987a3a2e9c61e0f67cd9e13; runner_sha256=7e8227dc2754d824230ba33c7b39cab559375796bf9ba0e042b01a4ea1b4fa52; shared_io_sha256=ecf23c31bfb1234031b7917160ad2d79146694ecfd663c91beb89d1a0edd2004; run_fingerprint=7f86355fa4b28d02cedf7458240e3a0e86d62abab5e1d62462336d07d5214700,严格复现 S2TDM Engine.test：CHW；输出和GT均不裁剪；无mask/边缘crop；PSNR逐波段后平均；SSIM为逐波段全图均值/协方差/方差公式后平均（非滑窗SSIM）；SAM逐像素光谱角后平均并转为度；最后对50张图作算术平均。,ICVL Complex 五类噪声，每个已完成模型/case 50张；NGMeet 在外部设备运行，待上传后按同一 S2TDM 原生口径补齐。
S2TDM,gaussian_stripe,50,45.286956,0.99660927,2.236880,restored,CHW（无需转置）,gt,CHW,/root/autodl-tmp/results/S2TDM/complex/gaussian_stripe,/root/autodl-tmp/datasets/ICVL/Test_Noise/complex/gaussian_stripe,checkpoints/S2TDM/model_complex.pth; checkpoint_sha256=b61cc696627b766c5f06e1f4c9d216634091c3baf987a3a2e9c61e0f67cd9e13; runner_sha256=7e8227dc2754d824230ba33c7b39cab559375796bf9ba0e042b01a4ea1b4fa52; shared_io_sha256=ecf23c31bfb1234031b7917160ad2d79146694ecfd663c91beb89d1a0edd2004; run_fingerprint=8b0e2d8d8cac327f53731b6864cb3225167a98b02853166ef51813b4f2427cdc,严格复现 S2TDM Engine.test：CHW；输出和GT均不裁剪；无mask/边缘crop；PSNR逐波段后平均；SSIM为逐波段全图均值/协方差/方差公式后平均（非滑窗SSIM）；SAM逐像素光谱角后平均并转为度；最后对50张图作算术平均。,ICVL Complex 五类噪声，每个已完成模型/case 50张；NGMeet 在外部设备运行，待上传后按同一 S2TDM 原生口径补齐。
S2TDM,gaussian_deadline,50,45.054497,0.99650054,2.253239,restored,CHW（无需转置）,gt,CHW,/root/autodl-tmp/results/S2TDM/complex/gaussian_deadline,/root/autodl-tmp/datasets/ICVL/Test_Noise/complex/gaussian_deadline,checkpoints/S2TDM/model_complex.pth; checkpoint_sha256=b61cc696627b766c5f06e1f4c9d216634091c3baf987a3a2e9c61e0f67cd9e13; runner_sha256=7e8227dc2754d824230ba33c7b39cab559375796bf9ba0e042b01a4ea1b4fa52; shared_io_sha256=ecf23c31bfb1234031b7917160ad2d79146694ecfd663c91beb89d1a0edd2004; run_fingerprint=45b9ba98214303f56bb1ae1eba0b2fafea5fc073f079dc0c93d7ab1b1463065e,严格复现 S2TDM Engine.test：CHW；输出和GT均不裁剪；无mask/边缘crop；PSNR逐波段后平均；SSIM为逐波段全图均值/协方差/方差公式后平均（非滑窗SSIM）；SAM逐像素光谱角后平均并转为度；最后对50张图作算术平均。,ICVL Complex 五类噪声，每个已完成模型/case 50张；NGMeet 在外部设备运行，待上传后按同一 S2TDM 原生口径补齐。
S2TDM,gaussian_impulse,50,44.120735,0.99522343,2.904625,restored,CHW（无需转置）,gt,CHW,/root/autodl-tmp/results/S2TDM/complex/gaussian_impulse,/root/autodl-tmp/datasets/ICVL/Test_Noise/complex/gaussian_impulse,checkpoints/S2TDM/model_complex.pth; checkpoint_sha256=b61cc696627b766c5f06e1f4c9d216634091c3baf987a3a2e9c61e0f67cd9e13; runner_sha256=7e8227dc2754d824230ba33c7b39cab559375796bf9ba0e042b01a4ea1b4fa52; shared_io_sha256=ecf23c31bfb1234031b7917160ad2d79146694ecfd663c91beb89d1a0edd2004; run_fingerprint=980f304775b284e7dbc5a2c50b30f93d0e182147bbe5d974e46ef3cac601c608,严格复现 S2TDM Engine.test：CHW；输出和GT均不裁剪；无mask/边缘crop；PSNR逐波段后平均；SSIM为逐波段全图均值/协方差/方差公式后平均（非滑窗SSIM）；SAM逐像素光谱角后平均并转为度；最后对50张图作算术平均。,ICVL Complex 五类噪声，每个已完成模型/case 50张；NGMeet 在外部设备运行，待上传后按同一 S2TDM 原生口径补齐。
S2TDM,gaussian_mixture,50,40.228863,0.99019510,3.628211,restored,CHW（无需转置）,gt,CHW,/root/autodl-tmp/results/S2TDM/complex/gaussian_mixture,/root/autodl-tmp/datasets/ICVL/Test_Noise/complex/gaussian_mixture,checkpoints/S2TDM/model_complex.pth; checkpoint_sha256=b61cc696627b766c5f06e1f4c9d216634091c3baf987a3a2e9c61e0f67cd9e13; runner_sha256=7e8227dc2754d824230ba33c7b39cab559375796bf9ba0e042b01a4ea1b4fa52; shared_io_sha256=ecf23c31bfb1234031b7917160ad2d79146694ecfd663c91beb89d1a0edd2004; run_fingerprint=7ea16b55896428aa9e93bb4025af3e6304881ee727bb73bbc6cdc8075bc13668,严格复现 S2TDM Engine.test：CHW；输出和GT均不裁剪；无mask/边缘crop；PSNR逐波段后平均；SSIM为逐波段全图均值/协方差/方差公式后平均（非滑窗SSIM）；SAM逐像素光谱角后平均并转为度；最后对50张图作算术平均。,ICVL Complex 五类噪声，每个已完成模型/case 50张；NGMeet 在外部设备运行，待上传后按同一 S2TDM 原生口径补齐。
LaMamba,non_iid_gaussian,50,43.048300,0.99098797,5.790136,restored,CHW（无需转置）,gt,CHW,/root/autodl-tmp/results/LaMamba/complex/non_iid_gaussian,/root/autodl-tmp/datasets/ICVL/Test_Noise/complex/non_iid_gaussian,checkpoints/LaMamba/mixture.ckpt; checkpoint_sha256=690419eb4798ba1facc2f42a293459869538c428e089075160e8bc3018fa1ddb; runner_sha256=1ced2e84cb708a94ccd032be4f0326eadab26f85f8370ca1034de3642e94cd7b; shared_io_sha256=ecf23c31bfb1234031b7917160ad2d79146694ecfd663c91beb89d1a0edd2004; run_fingerprint=d40f67e1650b5597714bfdce19e26709b19d4eaf73a636337f97f12d2716c414,严格复现 S2TDM Engine.test：CHW；输出和GT均不裁剪；无mask/边缘crop；PSNR逐波段后平均；SSIM为逐波段全图均值/协方差/方差公式后平均（非滑窗SSIM）；SAM逐像素光谱角后平均并转为度；最后对50张图作算术平均。,ICVL Complex 五类噪声，每个已完成模型/case 50张；NGMeet 在外部设备运行，待上传后按同一 S2TDM 原生口径补齐。
LaMamba,gaussian_stripe,50,42.859299,0.98960160,6.012703,restored,CHW（无需转置）,gt,CHW,/root/autodl-tmp/results/LaMamba/complex/gaussian_stripe,/root/autodl-tmp/datasets/ICVL/Test_Noise/complex/gaussian_stripe,checkpoints/LaMamba/mixture.ckpt; checkpoint_sha256=690419eb4798ba1facc2f42a293459869538c428e089075160e8bc3018fa1ddb; runner_sha256=1ced2e84cb708a94ccd032be4f0326eadab26f85f8370ca1034de3642e94cd7b; shared_io_sha256=ecf23c31bfb1234031b7917160ad2d79146694ecfd663c91beb89d1a0edd2004; run_fingerprint=09ede0a6f67b0593d378c9e050b423e972af6968eb03041d56c6779c3efbb80f,严格复现 S2TDM Engine.test：CHW；输出和GT均不裁剪；无mask/边缘crop；PSNR逐波段后平均；SSIM为逐波段全图均值/协方差/方差公式后平均（非滑窗SSIM）；SAM逐像素光谱角后平均并转为度；最后对50张图作算术平均。,ICVL Complex 五类噪声，每个已完成模型/case 50张；NGMeet 在外部设备运行，待上传后按同一 S2TDM 原生口径补齐。
LaMamba,gaussian_deadline,50,42.719894,0.98980378,6.003703,restored,CHW（无需转置）,gt,CHW,/root/autodl-tmp/results/LaMamba/complex/gaussian_deadline,/root/autodl-tmp/datasets/ICVL/Test_Noise/complex/gaussian_deadline,checkpoints/LaMamba/mixture.ckpt; checkpoint_sha256=690419eb4798ba1facc2f42a293459869538c428e089075160e8bc3018fa1ddb; runner_sha256=1ced2e84cb708a94ccd032be4f0326eadab26f85f8370ca1034de3642e94cd7b; shared_io_sha256=ecf23c31bfb1234031b7917160ad2d79146694ecfd663c91beb89d1a0edd2004; run_fingerprint=6242383ebbeb30baee8107f4cc5d8e600f24a5cb7a2e100f947138f6525b1204,严格复现 S2TDM Engine.test：CHW；输出和GT均不裁剪；无mask/边缘crop；PSNR逐波段后平均；SSIM为逐波段全图均值/协方差/方差公式后平均（非滑窗SSIM）；SAM逐像素光谱角后平均并转为度；最后对50张图作算术平均。,ICVL Complex 五类噪声，每个已完成模型/case 50张；NGMeet 在外部设备运行，待上传后按同一 S2TDM 原生口径补齐。
LaMamba,gaussian_impulse,50,45.284825,0.99662528,2.308060,restored,CHW（无需转置）,gt,CHW,/root/autodl-tmp/results/LaMamba/complex/gaussian_impulse,/root/autodl-tmp/datasets/ICVL/Test_Noise/complex/gaussian_impulse,checkpoints/LaMamba/mixture.ckpt; checkpoint_sha256=690419eb4798ba1facc2f42a293459869538c428e089075160e8bc3018fa1ddb; runner_sha256=1ced2e84cb708a94ccd032be4f0326eadab26f85f8370ca1034de3642e94cd7b; shared_io_sha256=ecf23c31bfb1234031b7917160ad2d79146694ecfd663c91beb89d1a0edd2004; run_fingerprint=0a3e6f2414142a00039f1116db1dcd82e4f83345ca7ce6be0a4a24d2614e09fe,严格复现 S2TDM Engine.test：CHW；输出和GT均不裁剪；无mask/边缘crop；PSNR逐波段后平均；SSIM为逐波段全图均值/协方差/方差公式后平均（非滑窗SSIM）；SAM逐像素光谱角后平均并转为度；最后对50张图作算术平均。,ICVL Complex 五类噪声，每个已完成模型/case 50张；NGMeet 在外部设备运行，待上传后按同一 S2TDM 原生口径补齐。
LaMamba,gaussian_mixture,50,44.832342,0.99630356,2.425107,restored,CHW（无需转置）,gt,CHW,/root/autodl-tmp/results/LaMamba/complex/gaussian_mixture,/root/autodl-tmp/datasets/ICVL/Test_Noise/complex/gaussian_mixture,checkpoints/LaMamba/mixture.ckpt; checkpoint_sha256=690419eb4798ba1facc2f42a293459869538c428e089075160e8bc3018fa1ddb; runner_sha256=1ced2e84cb708a94ccd032be4f0326eadab26f85f8370ca1034de3642e94cd7b; shared_io_sha256=ecf23c31bfb1234031b7917160ad2d79146694ecfd663c91beb89d1a0edd2004; run_fingerprint=082d1325165fd90c134ca5b2a8db29ddbb2a687699647f6fdc15ffda12179b59,严格复现 S2TDM Engine.test：CHW；输出和GT均不裁剪；无mask/边缘crop；PSNR逐波段后平均；SSIM为逐波段全图均值/协方差/方差公式后平均（非滑窗SSIM）；SAM逐像素光谱角后平均并转为度；最后对50张图作算术平均。,ICVL Complex 五类噪声，每个已完成模型/case 50张；NGMeet 在外部设备运行，待上传后按同一 S2TDM 原生口径补齐。
HIRDiff_eta2_10,non_iid_gaussian,50,31.119395,0.87939163,17.323402,restored,CHW（无需转置）,gt,CHW,/root/autodl-tmp/results/HIRDiff_eta2_10/complex/non_iid_gaussian,/root/autodl-tmp/datasets/ICVL/Test_Noise/complex/non_iid_gaussian,checkpoints/HIR-Diff/I190000_E97_gen.pth; eta1=16 eta2=10 k=8 step=20; checkpoint_sha256=fbc657dad536ec4ee7a43599d9d6f497d68dda7ebff49fa6d3af66f3432d56df; runner_sha256=8141870df071945d1580f7e1fab298b24a52c3b2200d789ed3ee7db30a876d09; shared_io_sha256=ecf23c31bfb1234031b7917160ad2d79146694ecfd663c91beb89d1a0edd2004; run_fingerprint=0b31233060e6d94691d23f9a9366e38de4bd69c1f3fed0a4c6325e2e0609d7d6,严格复现 S2TDM Engine.test：CHW；输出和GT均不裁剪；无mask/边缘crop；PSNR逐波段后平均；SSIM为逐波段全图均值/协方差/方差公式后平均（非滑窗SSIM）；SAM逐像素光谱角后平均并转为度；最后对50张图作算术平均。,ICVL Complex 五类噪声，每个已完成模型/case 50张；NGMeet 在外部设备运行，待上传后按同一 S2TDM 原生口径补齐。
HIRDiff_eta2_10,gaussian_stripe,50,31.336655,0.88575067,18.668598,restored,CHW（无需转置）,gt,CHW,/root/autodl-tmp/results/HIRDiff_eta2_10/complex/gaussian_stripe,/root/autodl-tmp/datasets/ICVL/Test_Noise/complex/gaussian_stripe,checkpoints/HIR-Diff/I190000_E97_gen.pth; eta1=16 eta2=10 k=8 step=20; checkpoint_sha256=fbc657dad536ec4ee7a43599d9d6f497d68dda7ebff49fa6d3af66f3432d56df; runner_sha256=8141870df071945d1580f7e1fab298b24a52c3b2200d789ed3ee7db30a876d09; shared_io_sha256=ecf23c31bfb1234031b7917160ad2d79146694ecfd663c91beb89d1a0edd2004; run_fingerprint=77df1a7b9fe175a3232755d7d05998fc1d444cb0d40a4ced5d34612c056d9d54,严格复现 S2TDM Engine.test：CHW；输出和GT均不裁剪；无mask/边缘crop；PSNR逐波段后平均；SSIM为逐波段全图均值/协方差/方差公式后平均（非滑窗SSIM）；SAM逐像素光谱角后平均并转为度；最后对50张图作算术平均。,ICVL Complex 五类噪声，每个已完成模型/case 50张；NGMeet 在外部设备运行，待上传后按同一 S2TDM 原生口径补齐。
HIRDiff_eta2_10,gaussian_deadline,50,30.601104,0.87614214,17.871423,restored,CHW（无需转置）,gt,CHW,/root/autodl-tmp/results/HIRDiff_eta2_10/complex/gaussian_deadline,/root/autodl-tmp/datasets/ICVL/Test_Noise/complex/gaussian_deadline,checkpoints/HIR-Diff/I190000_E97_gen.pth; eta1=16 eta2=10 k=8 step=20; checkpoint_sha256=fbc657dad536ec4ee7a43599d9d6f497d68dda7ebff49fa6d3af66f3432d56df; runner_sha256=8141870df071945d1580f7e1fab298b24a52c3b2200d789ed3ee7db30a876d09; shared_io_sha256=ecf23c31bfb1234031b7917160ad2d79146694ecfd663c91beb89d1a0edd2004; run_fingerprint=d16a1255602c022b73c31f9e07c27b67f7ca8df1ebbe11780c8454c1462d741f,严格复现 S2TDM Engine.test：CHW；输出和GT均不裁剪；无mask/边缘crop；PSNR逐波段后平均；SSIM为逐波段全图均值/协方差/方差公式后平均（非滑窗SSIM）；SAM逐像素光谱角后平均并转为度；最后对50张图作算术平均。,ICVL Complex 五类噪声，每个已完成模型/case 50张；NGMeet 在外部设备运行，待上传后按同一 S2TDM 原生口径补齐。
HIRDiff_eta2_10,gaussian_impulse,50,25.983994,0.71557398,28.563144,restored,CHW（无需转置）,gt,CHW,/root/autodl-tmp/results/HIRDiff_eta2_10/complex/gaussian_impulse,/root/autodl-tmp/datasets/ICVL/Test_Noise/complex/gaussian_impulse,checkpoints/HIR-Diff/I190000_E97_gen.pth; eta1=16 eta2=10 k=8 step=20; checkpoint_sha256=fbc657dad536ec4ee7a43599d9d6f497d68dda7ebff49fa6d3af66f3432d56df; runner_sha256=8141870df071945d1580f7e1fab298b24a52c3b2200d789ed3ee7db30a876d09; shared_io_sha256=ecf23c31bfb1234031b7917160ad2d79146694ecfd663c91beb89d1a0edd2004; run_fingerprint=df2e10258afbfc6837a57ed70eece910d7d243a08b5ca40a8428d6ce837f61bc,严格复现 S2TDM Engine.test：CHW；输出和GT均不裁剪；无mask/边缘crop；PSNR逐波段后平均；SSIM为逐波段全图均值/协方差/方差公式后平均（非滑窗SSIM）；SAM逐像素光谱角后平均并转为度；最后对50张图作算术平均。,ICVL Complex 五类噪声，每个已完成模型/case 50张；NGMeet 在外部设备运行，待上传后按同一 S2TDM 原生口径补齐。
HIRDiff_eta2_10,gaussian_mixture,50,24.869028,0.67680091,30.039917,restored,CHW（无需转置）,gt,CHW,/root/autodl-tmp/results/HIRDiff_eta2_10/complex/gaussian_mixture,/root/autodl-tmp/datasets/ICVL/Test_Noise/complex/gaussian_mixture,checkpoints/HIR-Diff/I190000_E97_gen.pth; eta1=16 eta2=10 k=8 step=20; checkpoint_sha256=fbc657dad536ec4ee7a43599d9d6f497d68dda7ebff49fa6d3af66f3432d56df; runner_sha256=8141870df071945d1580f7e1fab298b24a52c3b2200d789ed3ee7db30a876d09; shared_io_sha256=ecf23c31bfb1234031b7917160ad2d79146694ecfd663c91beb89d1a0edd2004; run_fingerprint=3aa8771d1f390271dcbcfed15a8b0bf8b4985048d5455fa49ee86fbd87c7d7b3,严格复现 S2TDM Engine.test：CHW；输出和GT均不裁剪；无mask/边缘crop；PSNR逐波段后平均；SSIM为逐波段全图均值/协方差/方差公式后平均（非滑窗SSIM）；SAM逐像素光谱角后平均并转为度；最后对50张图作算术平均。,ICVL Complex 五类噪声，每个已完成模型/case 50张；NGMeet 在外部设备运行，待上传后按同一 S2TDM 原生口径补齐。
HIRDiff_eta2_20,non_iid_gaussian,50,32.227511,0.89703384,16.390937,restored,CHW（无需转置）,gt,CHW,/root/autodl-tmp/results/HIRDiff_eta2_20/complex/non_iid_gaussian,/root/autodl-tmp/datasets/ICVL/Test_Noise/complex/non_iid_gaussian,checkpoints/HIR-Diff/I190000_E97_gen.pth; eta1=16 eta2=20 k=8 step=20; checkpoint_sha256=fbc657dad536ec4ee7a43599d9d6f497d68dda7ebff49fa6d3af66f3432d56df; runner_sha256=8141870df071945d1580f7e1fab298b24a52c3b2200d789ed3ee7db30a876d09; shared_io_sha256=ecf23c31bfb1234031b7917160ad2d79146694ecfd663c91beb89d1a0edd2004; run_fingerprint=fc236d8f6af200d51514b2c2d9e2fd328e9222317bc7015f75379d1cbb2c6495,严格复现 S2TDM Engine.test：CHW；输出和GT均不裁剪；无mask/边缘crop；PSNR逐波段后平均；SSIM为逐波段全图均值/协方差/方差公式后平均（非滑窗SSIM）；SAM逐像素光谱角后平均并转为度；最后对50张图作算术平均。,ICVL Complex 五类噪声，每个已完成模型/case 50张；NGMeet 在外部设备运行，待上传后按同一 S2TDM 原生口径补齐。
HIRDiff_eta2_20,gaussian_stripe,50,32.410411,0.90185275,18.048405,restored,CHW（无需转置）,gt,CHW,/root/autodl-tmp/results/HIRDiff_eta2_20/complex/gaussian_stripe,/root/autodl-tmp/datasets/ICVL/Test_Noise/complex/gaussian_stripe,checkpoints/HIR-Diff/I190000_E97_gen.pth; eta1=16 eta2=20 k=8 step=20; checkpoint_sha256=fbc657dad536ec4ee7a43599d9d6f497d68dda7ebff49fa6d3af66f3432d56df; runner_sha256=8141870df071945d1580f7e1fab298b24a52c3b2200d789ed3ee7db30a876d09; shared_io_sha256=ecf23c31bfb1234031b7917160ad2d79146694ecfd663c91beb89d1a0edd2004; run_fingerprint=0761bb76d1b6a5ae229a9de5c68967d02f168381bbc1e52ba24033bbaffae255,严格复现 S2TDM Engine.test：CHW；输出和GT均不裁剪；无mask/边缘crop；PSNR逐波段后平均；SSIM为逐波段全图均值/协方差/方差公式后平均（非滑窗SSIM）；SAM逐像素光谱角后平均并转为度；最后对50张图作算术平均。,ICVL Complex 五类噪声，每个已完成模型/case 50张；NGMeet 在外部设备运行，待上传后按同一 S2TDM 原生口径补齐。
HIRDiff_eta2_20,gaussian_deadline,50,31.529878,0.89155305,17.173559,restored,CHW（无需转置）,gt,CHW,/root/autodl-tmp/results/HIRDiff_eta2_20/complex/gaussian_deadline,/root/autodl-tmp/datasets/ICVL/Test_Noise/complex/gaussian_deadline,checkpoints/HIR-Diff/I190000_E97_gen.pth; eta1=16 eta2=20 k=8 step=20; checkpoint_sha256=fbc657dad536ec4ee7a43599d9d6f497d68dda7ebff49fa6d3af66f3432d56df; runner_sha256=8141870df071945d1580f7e1fab298b24a52c3b2200d789ed3ee7db30a876d09; shared_io_sha256=ecf23c31bfb1234031b7917160ad2d79146694ecfd663c91beb89d1a0edd2004; run_fingerprint=6eedc201c9228ee811809df0c649f2f9824acf58ea3f1782631c622c52c9eed7,严格复现 S2TDM Engine.test：CHW；输出和GT均不裁剪；无mask/边缘crop；PSNR逐波段后平均；SSIM为逐波段全图均值/协方差/方差公式后平均（非滑窗SSIM）；SAM逐像素光谱角后平均并转为度；最后对50张图作算术平均。,ICVL Complex 五类噪声，每个已完成模型/case 50张；NGMeet 在外部设备运行，待上传后按同一 S2TDM 原生口径补齐。
HIRDiff_eta2_20,gaussian_impulse,50,26.603865,0.73188637,28.193359,restored,CHW（无需转置）,gt,CHW,/root/autodl-tmp/results/HIRDiff_eta2_20/complex/gaussian_impulse,/root/autodl-tmp/datasets/ICVL/Test_Noise/complex/gaussian_impulse,checkpoints/HIR-Diff/I190000_E97_gen.pth; eta1=16 eta2=20 k=8 step=20; checkpoint_sha256=fbc657dad536ec4ee7a43599d9d6f497d68dda7ebff49fa6d3af66f3432d56df; runner_sha256=8141870df071945d1580f7e1fab298b24a52c3b2200d789ed3ee7db30a876d09; shared_io_sha256=ecf23c31bfb1234031b7917160ad2d79146694ecfd663c91beb89d1a0edd2004; run_fingerprint=f93cbbe4bed6bd6f71621b201e40645a6bd4e6b5b1d6f438103a531a5c103d8f,严格复现 S2TDM Engine.test：CHW；输出和GT均不裁剪；无mask/边缘crop；PSNR逐波段后平均；SSIM为逐波段全图均值/协方差/方差公式后平均（非滑窗SSIM）；SAM逐像素光谱角后平均并转为度；最后对50张图作算术平均。,ICVL Complex 五类噪声，每个已完成模型/case 50张；NGMeet 在外部设备运行，待上传后按同一 S2TDM 原生口径补齐。
HIRDiff_eta2_20,gaussian_mixture,50,25.319393,0.69267532,29.718678,restored,CHW（无需转置）,gt,CHW,/root/autodl-tmp/results/HIRDiff_eta2_20/complex/gaussian_mixture,/root/autodl-tmp/datasets/ICVL/Test_Noise/complex/gaussian_mixture,checkpoints/HIR-Diff/I190000_E97_gen.pth; eta1=16 eta2=20 k=8 step=20; checkpoint_sha256=fbc657dad536ec4ee7a43599d9d6f497d68dda7ebff49fa6d3af66f3432d56df; runner_sha256=8141870df071945d1580f7e1fab298b24a52c3b2200d789ed3ee7db30a876d09; shared_io_sha256=ecf23c31bfb1234031b7917160ad2d79146694ecfd663c91beb89d1a0edd2004; run_fingerprint=2f784da83b22520010333cda1a2f01eedb5f1418a86b7dee0e5e205fc60c1eca,严格复现 S2TDM Engine.test：CHW；输出和GT均不裁剪；无mask/边缘crop；PSNR逐波段后平均；SSIM为逐波段全图均值/协方差/方差公式后平均（非滑窗SSIM）；SAM逐像素光谱角后平均并转为度；最后对50张图作算术平均。,ICVL Complex 五类噪声，每个已完成模型/case 50张；NGMeet 在外部设备运行，待上传后按同一 S2TDM 原生口径补齐。
SST,non_iid_gaussian,50,45.319086,0.99663729,2.138011,restored,CHW（无需转置）,gt,CHW,/root/autodl-tmp/results/SST/complex/non_iid_gaussian,/root/autodl-tmp/datasets/ICVL/Test_Noise/complex/non_iid_gaussian,checkpoints/SST/checkpoints_complex.pth; official SST strict checkpoint['net']; FP32; checkpoint_sha256=316ddce26795771749018a72acfdc651ae4a7fd98d4d75bf72b1a5a154d58429; runner_sha256=30f0bcc580fc6395078188483978d25c5db274b297420652c6eb5e6024089e8b; shared_io_sha256=ecf23c31bfb1234031b7917160ad2d79146694ecfd663c91beb89d1a0edd2004; run_fingerprint=a69fe80952a8f4c1fcab69ef75eab2080a7ec8af389cda5511d2b1f562af1422; inference_core_sha256=588878aba718863e9cac51074d8ca1c8f793dfa0be00a456c397da1c7fb41425; mode_record_sha256=ccbf70d72045777ca83e484dece991885c089c40b7f0a2a1b4b27aec21fa9799; execution_report_sha256=21821a24f4b129ed011c255f4cf9993acbba4b1d5f9723b654c5072a0a0cdd90; resolved_mode=full,严格复现 S2TDM Engine.test：CHW；输出和GT均不裁剪；无mask/边缘crop；PSNR逐波段后平均；SSIM为逐波段全图均值/协方差/方差公式后平均（非滑窗SSIM）；SAM逐像素光谱角后平均并转为度；最后对50张图作算术平均。,ICVL Complex 五类噪声；所列模型每个 case 50张；S2TDM 原生 PSNR/SSIM/SAM 口径。
SST,gaussian_stripe,50,44.826717,0.99622439,2.245082,restored,CHW（无需转置）,gt,CHW,/root/autodl-tmp/results/SST/complex/gaussian_stripe,/root/autodl-tmp/datasets/ICVL/Test_Noise/complex/gaussian_stripe,checkpoints/SST/checkpoints_complex.pth; official SST strict checkpoint['net']; FP32; checkpoint_sha256=316ddce26795771749018a72acfdc651ae4a7fd98d4d75bf72b1a5a154d58429; runner_sha256=30f0bcc580fc6395078188483978d25c5db274b297420652c6eb5e6024089e8b; shared_io_sha256=ecf23c31bfb1234031b7917160ad2d79146694ecfd663c91beb89d1a0edd2004; run_fingerprint=d0db33aec112bbf5dd064d418b15b3a6aebed133ad4e89adafe6aae9cb34b5a6; inference_core_sha256=588878aba718863e9cac51074d8ca1c8f793dfa0be00a456c397da1c7fb41425; mode_record_sha256=ccbf70d72045777ca83e484dece991885c089c40b7f0a2a1b4b27aec21fa9799; execution_report_sha256=ef6c941303b6af501560deaab45bbc3475096b75ab66a8c13910d444a04b215a; resolved_mode=full,严格复现 S2TDM Engine.test：CHW；输出和GT均不裁剪；无mask/边缘crop；PSNR逐波段后平均；SSIM为逐波段全图均值/协方差/方差公式后平均（非滑窗SSIM）；SAM逐像素光谱角后平均并转为度；最后对50张图作算术平均。,ICVL Complex 五类噪声；所列模型每个 case 50张；S2TDM 原生 PSNR/SSIM/SAM 口径。
SST,gaussian_deadline,50,44.608242,0.99607712,2.274260,restored,CHW（无需转置）,gt,CHW,/root/autodl-tmp/results/SST/complex/gaussian_deadline,/root/autodl-tmp/datasets/ICVL/Test_Noise/complex/gaussian_deadline,checkpoints/SST/checkpoints_complex.pth; official SST strict checkpoint['net']; FP32; checkpoint_sha256=316ddce26795771749018a72acfdc651ae4a7fd98d4d75bf72b1a5a154d58429; runner_sha256=30f0bcc580fc6395078188483978d25c5db274b297420652c6eb5e6024089e8b; shared_io_sha256=ecf23c31bfb1234031b7917160ad2d79146694ecfd663c91beb89d1a0edd2004; run_fingerprint=ff331432177a7bc914f01a9c0c871662ec2f6ac5d136b54ccaff10799ed3e7a2; inference_core_sha256=588878aba718863e9cac51074d8ca1c8f793dfa0be00a456c397da1c7fb41425; mode_record_sha256=ccbf70d72045777ca83e484dece991885c089c40b7f0a2a1b4b27aec21fa9799; execution_report_sha256=2a97a19472446213d7b6abb1aa153cfc17d588152a361c64022eb286aebe8e64; resolved_mode=full,严格复现 S2TDM Engine.test：CHW；输出和GT均不裁剪；无mask/边缘crop；PSNR逐波段后平均；SSIM为逐波段全图均值/协方差/方差公式后平均（非滑窗SSIM）；SAM逐像素光谱角后平均并转为度；最后对50张图作算术平均。,ICVL Complex 五类噪声；所列模型每个 case 50张；S2TDM 原生 PSNR/SSIM/SAM 口径。
SST,gaussian_impulse,50,43.821405,0.99487899,2.834297,restored,CHW（无需转置）,gt,CHW,/root/autodl-tmp/results/SST/complex/gaussian_impulse,/root/autodl-tmp/datasets/ICVL/Test_Noise/complex/gaussian_impulse,checkpoints/SST/checkpoints_complex.pth; official SST strict checkpoint['net']; FP32; checkpoint_sha256=316ddce26795771749018a72acfdc651ae4a7fd98d4d75bf72b1a5a154d58429; runner_sha256=30f0bcc580fc6395078188483978d25c5db274b297420652c6eb5e6024089e8b; shared_io_sha256=ecf23c31bfb1234031b7917160ad2d79146694ecfd663c91beb89d1a0edd2004; run_fingerprint=a540a521d25cf0b9197b907add8e56eb095c5700b0fed814965abfcc35749699; inference_core_sha256=588878aba718863e9cac51074d8ca1c8f793dfa0be00a456c397da1c7fb41425; mode_record_sha256=ccbf70d72045777ca83e484dece991885c089c40b7f0a2a1b4b27aec21fa9799; execution_report_sha256=dea24659aaeceb276c3a0e5870c755fced047121742181acbe89cce4301e5842; resolved_mode=full,严格复现 S2TDM Engine.test：CHW；输出和GT均不裁剪；无mask/边缘crop；PSNR逐波段后平均；SSIM为逐波段全图均值/协方差/方差公式后平均（非滑窗SSIM）；SAM逐像素光谱角后平均并转为度；最后对50张图作算术平均。,ICVL Complex 五类噪声；所列模型每个 case 50张；S2TDM 原生 PSNR/SSIM/SAM 口径。
SST,gaussian_mixture,50,40.664309,0.99085668,3.338657,restored,CHW（无需转置）,gt,CHW,/root/autodl-tmp/results/SST/complex/gaussian_mixture,/root/autodl-tmp/datasets/ICVL/Test_Noise/complex/gaussian_mixture,checkpoints/SST/checkpoints_complex.pth; official SST strict checkpoint['net']; FP32; checkpoint_sha256=316ddce26795771749018a72acfdc651ae4a7fd98d4d75bf72b1a5a154d58429; runner_sha256=30f0bcc580fc6395078188483978d25c5db274b297420652c6eb5e6024089e8b; shared_io_sha256=ecf23c31bfb1234031b7917160ad2d79146694ecfd663c91beb89d1a0edd2004; run_fingerprint=164ffd2d5b7c34ff635f9e7bd3c03aed6aa4a60b01d8c5bab5756dbe76aa2c2a; inference_core_sha256=588878aba718863e9cac51074d8ca1c8f793dfa0be00a456c397da1c7fb41425; mode_record_sha256=ccbf70d72045777ca83e484dece991885c089c40b7f0a2a1b4b27aec21fa9799; execution_report_sha256=52edfd3113ff4e73e4cfdf3cd4fc16c6edf9626303383b45aaa8cd40c5f5b31b; resolved_mode=full,严格复现 S2TDM Engine.test：CHW；输出和GT均不裁剪；无mask/边缘crop；PSNR逐波段后平均；SSIM为逐波段全图均值/协方差/方差公式后平均（非滑窗SSIM）；SAM逐像素光谱角后平均并转为度；最后对50张图作算术平均。,ICVL Complex 五类噪声；所列模型每个 case 50张；S2TDM 原生 PSNR/SSIM/SAM 口径。
NGMeet,non_iid_gaussian,50,30.616552,0.81522287,32.287362,denoised,MATLAB HWC -> h5py CWH -> CHW,gt,CHW,/root/autodl-tmp/results/NGMeet/complex/non_iid_gaussian,/root/autodl-tmp/datasets/ICVL/Test_Noise/complex/non_iid_gaussian,external MATLAB output; checkpoint unavailable locally,严格复现 S2TDM Engine.test：CHW；输出和GT均不裁剪；无mask/边缘crop；PSNR逐波段后平均；SSIM为逐波段全图均值/协方差/方差公式后平均（非滑窗SSIM）；SAM逐像素光谱角后平均并转为度；最后对50张图作算术平均。,ICVL Complex 五类噪声；所列模型每个 case 50张；S2TDM 原生 PSNR/SSIM/SAM 口径。
NGMeet,gaussian_stripe,50,30.548528,0.81258980,32.605997,denoised,MATLAB HWC -> h5py CWH -> CHW,gt,CHW,/root/autodl-tmp/results/NGMeet/complex/gaussian_stripe,/root/autodl-tmp/datasets/ICVL/Test_Noise/complex/gaussian_stripe,external MATLAB output; checkpoint unavailable locally,严格复现 S2TDM Engine.test：CHW；输出和GT均不裁剪；无mask/边缘crop；PSNR逐波段后平均；SSIM为逐波段全图均值/协方差/方差公式后平均（非滑窗SSIM）；SAM逐像素光谱角后平均并转为度；最后对50张图作算术平均。,ICVL Complex 五类噪声；所列模型每个 case 50张；S2TDM 原生 PSNR/SSIM/SAM 口径。
NGMeet,gaussian_deadline,50,29.996187,0.82077994,32.525706,denoised,MATLAB HWC -> h5py CWH -> CHW,gt,CHW,/root/autodl-tmp/results/NGMeet/complex/gaussian_deadline,/root/autodl-tmp/datasets/ICVL/Test_Noise/complex/gaussian_deadline,external MATLAB output; checkpoint unavailable locally,严格复现 S2TDM Engine.test：CHW；输出和GT均不裁剪；无mask/边缘crop；PSNR逐波段后平均；SSIM为逐波段全图均值/协方差/方差公式后平均（非滑窗SSIM）；SAM逐像素光谱角后平均并转为度；最后对50张图作算术平均。,ICVL Complex 五类噪声；所列模型每个 case 50张；S2TDM 原生 PSNR/SSIM/SAM 口径。
NGMeet,gaussian_impulse,50,27.677468,0.75385659,34.812571,denoised,MATLAB HWC -> h5py CWH -> CHW,gt,CHW,/root/autodl-tmp/results/NGMeet/complex/gaussian_impulse,/root/autodl-tmp/datasets/ICVL/Test_Noise/complex/gaussian_impulse,external MATLAB output; checkpoint unavailable locally,严格复现 S2TDM Engine.test：CHW；输出和GT均不裁剪；无mask/边缘crop；PSNR逐波段后平均；SSIM为逐波段全图均值/协方差/方差公式后平均（非滑窗SSIM）；SAM逐像素光谱角后平均并转为度；最后对50张图作算术平均。,ICVL Complex 五类噪声；所列模型每个 case 50张；S2TDM 原生 PSNR/SSIM/SAM 口径。
NGMeet,gaussian_mixture,50,26.275991,0.72565249,36.256038,denoised,MATLAB HWC -> h5py CWH -> CHW,gt,CHW,/root/autodl-tmp/results/NGMeet/complex/gaussian_mixture,/root/autodl-tmp/datasets/ICVL/Test_Noise/complex/gaussian_mixture,external MATLAB output; checkpoint unavailable locally,严格复现 S2TDM Engine.test：CHW；输出和GT均不裁剪；无mask/边缘crop；PSNR逐波段后平均；SSIM为逐波段全图均值/协方差/方差公式后平均（非滑窗SSIM）；SAM逐像素光谱角后平均并转为度；最后对50张图作算术平均。,ICVL Complex 五类噪声；所列模型每个 case 50张；S2TDM 原生 PSNR/SSIM/SAM 口径。
SERT,non_iid_gaussian,50,45.765095,0.99697419,2.075757,restored,CHW（无需转置）,gt,CHW,/root/autodl-tmp/results/SERT/non_iid_gaussian,/root/autodl-tmp/datasets/ICVL/Test_Noise/non_iid_gaussian,checkpoints/SERT/icvl_complex.pth; official SERT sert_base checkpoint['net']; FP32; checkpoint_sha256=53f85c51e1a9b3ecec79b1e70fdfd908dde529287f52f23396f1711e55750916; arch=sert_base (31 bands),严格复现 S2TDM Engine.test：CHW；输出和GT均不裁剪；无mask/边缘crop；PSNR逐波段后平均；SSIM为逐波段全图均值/协方差/方差公式后平均（非滑窗SSIM）；SAM逐像素光谱角后平均并转为度；最后对50张图作算术平均。,"SERT 评测：ICVL Gaussian sigma10/30/50/70 + Blind(σ∈[10,70]) + Complex 5 变体；每配置50张；S2TDM 原生 PSNR/SSIM/SAM 口径。"
SERT,gaussian_impulse,50,44.286733,0.99534099,2.714901,restored,CHW（无需转置）,gt,CHW,/root/autodl-tmp/results/SERT/gaussian_impulse,/root/autodl-tmp/datasets/ICVL/Test_Noise/gaussian_impulse,checkpoints/SERT/icvl_complex.pth; official SERT sert_base checkpoint['net']; FP32; checkpoint_sha256=53f85c51e1a9b3ecec79b1e70fdfd908dde529287f52f23396f1711e55750916; arch=sert_base (31 bands),严格复现 S2TDM Engine.test：CHW；输出和GT均不裁剪；无mask/边缘crop；PSNR逐波段后平均；SSIM为逐波段全图均值/协方差/方差公式后平均（非滑窗SSIM）；SAM逐像素光谱角后平均并转为度；最后对50张图作算术平均。,"SERT 评测：ICVL Gaussian sigma10/30/50/70 + Blind(σ∈[10,70]) + Complex 5 变体；每配置50张；S2TDM 原生 PSNR/SSIM/SAM 口径。"
SERT,gaussian_stripe,50,45.287130,0.99658705,2.179178,restored,CHW（无需转置）,gt,CHW,/root/autodl-tmp/results/SERT/gaussian_stripe,/root/autodl-tmp/datasets/ICVL/Test_Noise/gaussian_stripe,checkpoints/SERT/icvl_complex.pth; official SERT sert_base checkpoint['net']; FP32; checkpoint_sha256=53f85c51e1a9b3ecec79b1e70fdfd908dde529287f52f23396f1711e55750916; arch=sert_base (31 bands),严格复现 S2TDM Engine.test：CHW；输出和GT均不裁剪；无mask/边缘crop；PSNR逐波段后平均；SSIM为逐波段全图均值/协方差/方差公式后平均（非滑窗SSIM）；SAM逐像素光谱角后平均并转为度；最后对50张图作算术平均。,"SERT 评测：ICVL Gaussian sigma10/30/50/70 + Blind(σ∈[10,70]) + Complex 5 变体；每配置50张；S2TDM 原生 PSNR/SSIM/SAM 口径。"
SERT,gaussian_deadline,50,45.096957,0.99646014,2.257806,restored,CHW（无需转置）,gt,CHW,/root/autodl-tmp/results/SERT/gaussian_deadline,/root/autodl-tmp/datasets/ICVL/Test_Noise/gaussian_deadline,checkpoints/SERT/icvl_complex.pth; official SERT sert_base checkpoint['net']; FP32; checkpoint_sha256=53f85c51e1a9b3ecec79b1e70fdfd908dde529287f52f23396f1711e55750916; arch=sert_base (31 bands),严格复现 S2TDM Engine.test：CHW；输出和GT均不裁剪；无mask/边缘crop；PSNR逐波段后平均；SSIM为逐波段全图均值/协方差/方差公式后平均（非滑窗SSIM）；SAM逐像素光谱角后平均并转为度；最后对50张图作算术平均。,"SERT 评测：ICVL Gaussian sigma10/30/50/70 + Blind(σ∈[10,70]) + Complex 5 变体；每配置50张；S2TDM 原生 PSNR/SSIM/SAM 口径。"
SERT,gaussian_mixture,50,41.377785,0.99201276,3.393742,restored,CHW（无需转置）,gt,CHW,/root/autodl-tmp/results/SERT/gaussian_mixture,/root/autodl-tmp/datasets/ICVL/Test_Noise/gaussian_mixture,checkpoints/SERT/icvl_complex.pth; official SERT sert_base checkpoint['net']; FP32; checkpoint_sha256=53f85c51e1a9b3ecec79b1e70fdfd908dde529287f52f23396f1711e55750916; arch=sert_base (31 bands),严格复现 S2TDM Engine.test：CHW；输出和GT均不裁剪；无mask/边缘crop；PSNR逐波段后平均；SSIM为逐波段全图均值/协方差/方差公式后平均（非滑窗SSIM）；SAM逐像素光谱角后平均并转为度；最后对50张图作算术平均。,"SERT 评测：ICVL Gaussian sigma10/30/50/70 + Blind(σ∈[10,70]) + Complex 5 变体；每配置50张；S2TDM 原生 PSNR/SSIM/SAM 口径。"
TDSAT,non_iid_gaussian,50,45.726560,0.99668316,2.129405,streamed_tensor,CHW（内存直算；未保存 MAT）,gt,CHW,streaming://no-persistent-output,/root/autodl-tmp/datasets/ICVL/Test_Noise/complex/non_iid_gaussian,"https://github.com/Featherrain/TDSAT.git@341b9b4623564142629cfc5adfd2c4a2f963ce46; checkpoint=/root/autodl-tmp/projects/TDSAT/pretrained/model_epoch_50.pth; checkpoint_sha256=44cc8598c5ab4074f11fedfa2e693eaf00ca0f3fd870e267250746aa8d3a6bde; runner_sha256=77c41a56deda50df947742c893ae3986688b7549c7858a9da68c7e3cb301ec10; run_fingerprint=bcc86bbb630076b41c56a621401fa1ee23152f90f2d0178ef9af4638ec5b9151; TDSAT(1,16,5,[1,3]); FP32; full-image; no clipping; streaming/no MAT output",严格复现 S2TDM Engine.test：CHW；输出和GT均不裁剪；无mask/边缘crop；PSNR逐波段后平均；SSIM为逐波段全图均值/协方差/方差公式后平均（非滑窗SSIM）；SAM逐像素光谱角后平均并转为度；最后对50张图作算术平均。,"ICVL Gaussian sigma10/30/50/70、Blind(σ∈[10,70]) 与 Complex 五类；每个已发布配置50张；预测在内存中按 S2TDM 原生口径直算，未保存 MAT。"
TDSAT,gaussian_stripe,50,45.400300,0.99648357,2.193335,streamed_tensor,CHW（内存直算；未保存 MAT）,gt,CHW,streaming://no-persistent-output,/root/autodl-tmp/datasets/ICVL/Test_Noise/complex/gaussian_stripe,"https://github.com/Featherrain/TDSAT.git@341b9b4623564142629cfc5adfd2c4a2f963ce46; checkpoint=/root/autodl-tmp/projects/TDSAT/pretrained/model_epoch_50.pth; checkpoint_sha256=44cc8598c5ab4074f11fedfa2e693eaf00ca0f3fd870e267250746aa8d3a6bde; runner_sha256=77c41a56deda50df947742c893ae3986688b7549c7858a9da68c7e3cb301ec10; run_fingerprint=bcc86bbb630076b41c56a621401fa1ee23152f90f2d0178ef9af4638ec5b9151; TDSAT(1,16,5,[1,3]); FP32; full-image; no clipping; streaming/no MAT output",严格复现 S2TDM Engine.test：CHW；输出和GT均不裁剪；无mask/边缘crop；PSNR逐波段后平均；SSIM为逐波段全图均值/协方差/方差公式后平均（非滑窗SSIM）；SAM逐像素光谱角后平均并转为度；最后对50张图作算术平均。,"ICVL Gaussian sigma10/30/50/70、Blind(σ∈[10,70]) 与 Complex 五类；每个已发布配置50张；预测在内存中按 S2TDM 原生口径直算，未保存 MAT。"
TDSAT,gaussian_deadline,50,45.289092,0.99652125,2.254256,streamed_tensor,CHW（内存直算；未保存 MAT）,gt,CHW,streaming://no-persistent-output,/root/autodl-tmp/datasets/ICVL/Test_Noise/complex/gaussian_deadline,"https://github.com/Featherrain/TDSAT.git@341b9b4623564142629cfc5adfd2c4a2f963ce46; checkpoint=/root/autodl-tmp/projects/TDSAT/pretrained/model_epoch_50.pth; checkpoint_sha256=44cc8598c5ab4074f11fedfa2e693eaf00ca0f3fd870e267250746aa8d3a6bde; runner_sha256=77c41a56deda50df947742c893ae3986688b7549c7858a9da68c7e3cb301ec10; run_fingerprint=bcc86bbb630076b41c56a621401fa1ee23152f90f2d0178ef9af4638ec5b9151; TDSAT(1,16,5,[1,3]); FP32; full-image; no clipping; streaming/no MAT output",严格复现 S2TDM Engine.test：CHW；输出和GT均不裁剪；无mask/边缘crop；PSNR逐波段后平均；SSIM为逐波段全图均值/协方差/方差公式后平均（非滑窗SSIM）；SAM逐像素光谱角后平均并转为度；最后对50张图作算术平均。,"ICVL Gaussian sigma10/30/50/70、Blind(σ∈[10,70]) 与 Complex 五类；每个已发布配置50张；预测在内存中按 S2TDM 原生口径直算，未保存 MAT。"
TDSAT,gaussian_impulse,50,44.426210,0.99493709,2.757941,streamed_tensor,CHW（内存直算；未保存 MAT）,gt,CHW,streaming://no-persistent-output,/root/autodl-tmp/datasets/ICVL/Test_Noise/complex/gaussian_impulse,"https://github.com/Featherrain/TDSAT.git@341b9b4623564142629cfc5adfd2c4a2f963ce46; checkpoint=/root/autodl-tmp/projects/TDSAT/pretrained/model_epoch_50.pth; checkpoint_sha256=44cc8598c5ab4074f11fedfa2e693eaf00ca0f3fd870e267250746aa8d3a6bde; runner_sha256=77c41a56deda50df947742c893ae3986688b7549c7858a9da68c7e3cb301ec10; run_fingerprint=bcc86bbb630076b41c56a621401fa1ee23152f90f2d0178ef9af4638ec5b9151; TDSAT(1,16,5,[1,3]); FP32; full-image; no clipping; streaming/no MAT output",严格复现 S2TDM Engine.test：CHW；输出和GT均不裁剪；无mask/边缘crop；PSNR逐波段后平均；SSIM为逐波段全图均值/协方差/方差公式后平均（非滑窗SSIM）；SAM逐像素光谱角后平均并转为度；最后对50张图作算术平均。,"ICVL Gaussian sigma10/30/50/70、Blind(σ∈[10,70]) 与 Complex 五类；每个已发布配置50张；预测在内存中按 S2TDM 原生口径直算，未保存 MAT。"
TDSAT,gaussian_mixture,50,43.135273,0.99390833,3.109186,streamed_tensor,CHW（内存直算；未保存 MAT）,gt,CHW,streaming://no-persistent-output,/root/autodl-tmp/datasets/ICVL/Test_Noise/complex/gaussian_mixture,"https://github.com/Featherrain/TDSAT.git@341b9b4623564142629cfc5adfd2c4a2f963ce46; checkpoint=/root/autodl-tmp/projects/TDSAT/pretrained/model_epoch_50.pth; checkpoint_sha256=44cc8598c5ab4074f11fedfa2e693eaf00ca0f3fd870e267250746aa8d3a6bde; runner_sha256=77c41a56deda50df947742c893ae3986688b7549c7858a9da68c7e3cb301ec10; run_fingerprint=bcc86bbb630076b41c56a621401fa1ee23152f90f2d0178ef9af4638ec5b9151; TDSAT(1,16,5,[1,3]); FP32; full-image; no clipping; streaming/no MAT output",严格复现 S2TDM Engine.test：CHW；输出和GT均不裁剪；无mask/边缘crop；PSNR逐波段后平均；SSIM为逐波段全图均值/协方差/方差公式后平均（非滑窗SSIM）；SAM逐像素光谱角后平均并转为度；最后对50张图作算术平均。,"ICVL Gaussian sigma10/30/50/70、Blind(σ∈[10,70]) 与 Complex 五类；每个已发布配置50张；预测在内存中按 S2TDM 原生口径直算，未保存 MAT。"
FIDNet,non_iid_gaussian,50,44.489332,0.99554046,2.482571,streamed_tensor,CHW（内存直算；未保存 MAT）,gt,CHW,streaming://no-persistent-output,/root/autodl-tmp/datasets/ICVL/Test_Noise/complex/non_iid_gaussian,"https://github.com/MIV-XJTU/FIDNet.git@cde4e2a67c9f2b320da4a9c12754bfaff8abf428; checkpoint=/root/autodl-tmp/projects/FIDNet/checkpoint/fidnet.pth; checkpoint_sha256=53360d94d73445ec647592d375e0982a9b920aaa47ad1eb731195f957759f72a; runner_sha256=77c41a56deda50df947742c893ae3986688b7549c7858a9da68c7e3cb301ec10; run_fingerprint=354e7ec7b2b75b82298f945e279167ea73150d2edd619a326d063a4c920eb6b5; FIDNet(hid_S=12,hid_T=12); FP32; full-image; no clipping; streaming/no MAT output",严格复现 S2TDM Engine.test：CHW；输出和GT均不裁剪；无mask/边缘crop；PSNR逐波段后平均；SSIM为逐波段全图均值/协方差/方差公式后平均（非滑窗SSIM）；SAM逐像素光谱角后平均并转为度；最后对50张图作算术平均。,"ICVL Gaussian sigma10/30/50/70、Blind(σ∈[10,70]) 与 Complex 五类；每个已发布配置50张；预测在内存中按 S2TDM 原生口径直算，未保存 MAT。"
FIDNet,gaussian_stripe,50,44.247683,0.99545095,2.516050,streamed_tensor,CHW（内存直算；未保存 MAT）,gt,CHW,streaming://no-persistent-output,/root/autodl-tmp/datasets/ICVL/Test_Noise/complex/gaussian_stripe,"https://github.com/MIV-XJTU/FIDNet.git@cde4e2a67c9f2b320da4a9c12754bfaff8abf428; checkpoint=/root/autodl-tmp/projects/FIDNet/checkpoint/fidnet.pth; checkpoint_sha256=53360d94d73445ec647592d375e0982a9b920aaa47ad1eb731195f957759f72a; runner_sha256=77c41a56deda50df947742c893ae3986688b7549c7858a9da68c7e3cb301ec10; run_fingerprint=354e7ec7b2b75b82298f945e279167ea73150d2edd619a326d063a4c920eb6b5; FIDNet(hid_S=12,hid_T=12); FP32; full-image; no clipping; streaming/no MAT output",严格复现 S2TDM Engine.test：CHW；输出和GT均不裁剪；无mask/边缘crop；PSNR逐波段后平均；SSIM为逐波段全图均值/协方差/方差公式后平均（非滑窗SSIM）；SAM逐像素光谱角后平均并转为度；最后对50张图作算术平均。,"ICVL Gaussian sigma10/30/50/70、Blind(σ∈[10,70]) 与 Complex 五类；每个已发布配置50张；预测在内存中按 S2TDM 原生口径直算，未保存 MAT。"
FIDNet,gaussian_deadline,50,44.266957,0.99546339,2.536891,streamed_tensor,CHW（内存直算；未保存 MAT）,gt,CHW,streaming://no-persistent-output,/root/autodl-tmp/datasets/ICVL/Test_Noise/complex/gaussian_deadline,"https://github.com/MIV-XJTU/FIDNet.git@cde4e2a67c9f2b320da4a9c12754bfaff8abf428; checkpoint=/root/autodl-tmp/projects/FIDNet/checkpoint/fidnet.pth; checkpoint_sha256=53360d94d73445ec647592d375e0982a9b920aaa47ad1eb731195f957759f72a; runner_sha256=77c41a56deda50df947742c893ae3986688b7549c7858a9da68c7e3cb301ec10; run_fingerprint=354e7ec7b2b75b82298f945e279167ea73150d2edd619a326d063a4c920eb6b5; FIDNet(hid_S=12,hid_T=12); FP32; full-image; no clipping; streaming/no MAT output",严格复现 S2TDM Engine.test：CHW；输出和GT均不裁剪；无mask/边缘crop；PSNR逐波段后平均；SSIM为逐波段全图均值/协方差/方差公式后平均（非滑窗SSIM）；SAM逐像素光谱角后平均并转为度；最后对50张图作算术平均。,"ICVL Gaussian sigma10/30/50/70、Blind(σ∈[10,70]) 与 Complex 五类；每个已发布配置50张；预测在内存中按 S2TDM 原生口径直算，未保存 MAT。"
FIDNet,gaussian_impulse,50,43.614530,0.99459175,2.784625,streamed_tensor,CHW（内存直算；未保存 MAT）,gt,CHW,streaming://no-persistent-output,/root/autodl-tmp/datasets/ICVL/Test_Noise/complex/gaussian_impulse,"https://github.com/MIV-XJTU/FIDNet.git@cde4e2a67c9f2b320da4a9c12754bfaff8abf428; checkpoint=/root/autodl-tmp/projects/FIDNet/checkpoint/fidnet.pth; checkpoint_sha256=53360d94d73445ec647592d375e0982a9b920aaa47ad1eb731195f957759f72a; runner_sha256=77c41a56deda50df947742c893ae3986688b7549c7858a9da68c7e3cb301ec10; run_fingerprint=354e7ec7b2b75b82298f945e279167ea73150d2edd619a326d063a4c920eb6b5; FIDNet(hid_S=12,hid_T=12); FP32; full-image; no clipping; streaming/no MAT output",严格复现 S2TDM Engine.test：CHW；输出和GT均不裁剪；无mask/边缘crop；PSNR逐波段后平均；SSIM为逐波段全图均值/协方差/方差公式后平均（非滑窗SSIM）；SAM逐像素光谱角后平均并转为度；最后对50张图作算术平均。,"ICVL Gaussian sigma10/30/50/70、Blind(σ∈[10,70]) 与 Complex 五类；每个已发布配置50张；预测在内存中按 S2TDM 原生口径直算，未保存 MAT。"
FIDNet,gaussian_mixture,50,42.847031,0.99369251,3.052366,streamed_tensor,CHW（内存直算；未保存 MAT）,gt,CHW,streaming://no-persistent-output,/root/autodl-tmp/datasets/ICVL/Test_Noise/complex/gaussian_mixture,"https://github.com/MIV-XJTU/FIDNet.git@cde4e2a67c9f2b320da4a9c12754bfaff8abf428; checkpoint=/root/autodl-tmp/projects/FIDNet/checkpoint/fidnet.pth; checkpoint_sha256=53360d94d73445ec647592d375e0982a9b920aaa47ad1eb731195f957759f72a; runner_sha256=77c41a56deda50df947742c893ae3986688b7549c7858a9da68c7e3cb301ec10; run_fingerprint=354e7ec7b2b75b82298f945e279167ea73150d2edd619a326d063a4c920eb6b5; FIDNet(hid_S=12,hid_T=12); FP32; full-image; no clipping; streaming/no MAT output",严格复现 S2TDM Engine.test：CHW；输出和GT均不裁剪；无mask/边缘crop；PSNR逐波段后平均；SSIM为逐波段全图均值/协方差/方差公式后平均（非滑窗SSIM）；SAM逐像素光谱角后平均并转为度；最后对50张图作算术平均。,"ICVL Gaussian sigma10/30/50/70、Blind(σ∈[10,70]) 与 Complex 五类；每个已发布配置50张；预测在内存中按 S2TDM 原生口径直算，未保存 MAT。"
