model,noise_level,n_images,psnr_db,ssim,sam_deg,result_key,result_layout_handling,gt_key,gt_layout,result_directory,gt_directory,method_note,provenance_note,scope_note
HSDT,sigma10,50,49.516329,0.99868068,1.410304,restored,CHW（无需转置）,gt,CHW,/root/autodl-tmp/results/HSDT/sigma10,/root/autodl-tmp/datasets/ICVL/Test_Noise/sigma10,严格复现 S2TDM Engine.test：CHW；输出和GT均不裁剪；无mask/边缘crop；PSNR逐波段后平均；SSIM为逐波段全图均值/协方差/方差公式后平均（非滑窗SSIM）；SAM逐像素光谱角后平均并转为度；最后对50张图作算术平均。,现有 HSDT 输出；统一推理脚本记录为 hsdt_l Gaussian checkpoint,"仅统计已有 ICVL Gaussian sigma10/30/50/70 与 Blind(σ∈[10,70]) 配对结果；complex、Urban 未纳入（结果目录中无对应的完整可评分配对输出）。"
HSDT,sigma30,50,45.053031,0.99637725,1.893444,restored,CHW（无需转置）,gt,CHW,/root/autodl-tmp/results/HSDT/sigma30,/root/autodl-tmp/datasets/ICVL/Test_Noise/sigma30,严格复现 S2TDM Engine.test：CHW；输出和GT均不裁剪；无mask/边缘crop；PSNR逐波段后平均；SSIM为逐波段全图均值/协方差/方差公式后平均（非滑窗SSIM）；SAM逐像素光谱角后平均并转为度；最后对50张图作算术平均。,现有 HSDT 输出；统一推理脚本记录为 hsdt_l Gaussian checkpoint,"仅统计已有 ICVL Gaussian sigma10/30/50/70 与 Blind(σ∈[10,70]) 配对结果；complex、Urban 未纳入（结果目录中无对应的完整可评分配对输出）。"
HSDT,sigma50,50,42.826216,0.99394466,2.249217,restored,CHW（无需转置）,gt,CHW,/root/autodl-tmp/results/HSDT/sigma50,/root/autodl-tmp/datasets/ICVL/Test_Noise/sigma50,严格复现 S2TDM Engine.test：CHW；输出和GT均不裁剪；无mask/边缘crop；PSNR逐波段后平均；SSIM为逐波段全图均值/协方差/方差公式后平均（非滑窗SSIM）；SAM逐像素光谱角后平均并转为度；最后对50张图作算术平均。,现有 HSDT 输出；统一推理脚本记录为 hsdt_l Gaussian checkpoint,"仅统计已有 ICVL Gaussian sigma10/30/50/70 与 Blind(σ∈[10,70]) 配对结果；complex、Urban 未纳入（结果目录中无对应的完整可评分配对输出）。"
HSDT,sigma70,50,41.337390,0.99148132,2.575818,restored,CHW（无需转置）,gt,CHW,/root/autodl-tmp/results/HSDT/sigma70,/root/autodl-tmp/datasets/ICVL/Test_Noise/sigma70,严格复现 S2TDM Engine.test：CHW；输出和GT均不裁剪；无mask/边缘crop；PSNR逐波段后平均；SSIM为逐波段全图均值/协方差/方差公式后平均（非滑窗SSIM）；SAM逐像素光谱角后平均并转为度；最后对50张图作算术平均。,现有 HSDT 输出；统一推理脚本记录为 hsdt_l Gaussian checkpoint,"仅统计已有 ICVL Gaussian sigma10/30/50/70 与 Blind(σ∈[10,70]) 配对结果；complex、Urban 未纳入（结果目录中无对应的完整可评分配对输出）。"
NGMeet,sigma10,50,49.145809,0.99851422,1.557490,denoised,MATLAB HWC -> h5py CWH -> CHW,gt,CHW,/root/autodl-tmp/results/NGMeet/sigma10,/root/autodl-tmp/datasets/ICVL/Test_Noise/sigma10,严格复现 S2TDM Engine.test：CHW；输出和GT均不裁剪；无mask/边缘crop；PSNR逐波段后平均；SSIM为逐波段全图均值/协方差/方差公式后平均（非滑窗SSIM）；SAM逐像素光谱角后平均并转为度；最后对50张图作算术平均。,现有 NGMeet MATLAB v7.3 输出；本机未保存模型权重,"仅统计已有 ICVL Gaussian sigma10/30/50/70 与 Blind(σ∈[10,70]) 配对结果；complex、Urban 未纳入（结果目录中无对应的完整可评分配对输出）。"
NGMeet,sigma30,50,43.554896,0.99450667,2.397681,denoised,MATLAB HWC -> h5py CWH -> CHW,gt,CHW,/root/autodl-tmp/results/NGMeet/sigma30,/root/autodl-tmp/datasets/ICVL/Test_Noise/sigma30,严格复现 S2TDM Engine.test：CHW；输出和GT均不裁剪；无mask/边缘crop；PSNR逐波段后平均；SSIM为逐波段全图均值/协方差/方差公式后平均（非滑窗SSIM）；SAM逐像素光谱角后平均并转为度；最后对50张图作算术平均。,现有 NGMeet MATLAB v7.3 输出；本机未保存模型权重,"仅统计已有 ICVL Gaussian sigma10/30/50/70 与 Blind(σ∈[10,70]) 配对结果；complex、Urban 未纳入（结果目录中无对应的完整可评分配对输出）。"
NGMeet,sigma50,50,40.774949,0.98951367,2.987003,denoised,MATLAB HWC -> h5py CWH -> CHW,gt,CHW,/root/autodl-tmp/results/NGMeet/sigma50,/root/autodl-tmp/datasets/ICVL/Test_Noise/sigma50,严格复现 S2TDM Engine.test：CHW；输出和GT均不裁剪；无mask/边缘crop；PSNR逐波段后平均；SSIM为逐波段全图均值/协方差/方差公式后平均（非滑窗SSIM）；SAM逐像素光谱角后平均并转为度；最后对50张图作算术平均。,现有 NGMeet MATLAB v7.3 输出；本机未保存模型权重,"仅统计已有 ICVL Gaussian sigma10/30/50/70 与 Blind(σ∈[10,70]) 配对结果；complex、Urban 未纳入（结果目录中无对应的完整可评分配对输出）。"
NGMeet,sigma70,50,39.086754,0.98432010,3.526485,denoised,MATLAB HWC -> h5py CWH -> CHW,gt,CHW,/root/autodl-tmp/results/NGMeet/sigma70,/root/autodl-tmp/datasets/ICVL/Test_Noise/sigma70,严格复现 S2TDM Engine.test：CHW；输出和GT均不裁剪；无mask/边缘crop；PSNR逐波段后平均；SSIM为逐波段全图均值/协方差/方差公式后平均（非滑窗SSIM）；SAM逐像素光谱角后平均并转为度；最后对50张图作算术平均。,现有 NGMeet MATLAB v7.3 输出；本机未保存模型权重,"仅统计已有 ICVL Gaussian sigma10/30/50/70 与 Blind(σ∈[10,70]) 配对结果；complex、Urban 未纳入（结果目录中无对应的完整可评分配对输出）。"
QRNN3D,sigma10,50,47.192038,0.99777944,2.044592,restored,CHW（无需转置）,gt,CHW,/root/autodl-tmp/results/QRNN3D/sigma10,/root/autodl-tmp/datasets/ICVL/Test_Noise/sigma10,严格复现 S2TDM Engine.test：CHW；输出和GT均不裁剪；无mask/边缘crop；PSNR逐波段后平均；SSIM为逐波段全图均值/协方差/方差公式后平均（非滑窗SSIM）；SAM逐像素光谱角后平均并转为度；最后对50张图作算术平均。,现有 QRNN3D 输出；统一推理脚本记录为 Gaussian checkpoint,"仅统计已有 ICVL Gaussian sigma10/30/50/70 与 Blind(σ∈[10,70]) 配对结果；complex、Urban 未纳入（结果目录中无对应的完整可评分配对输出）。"
QRNN3D,sigma30,50,43.640873,0.99510256,2.648415,restored,CHW（无需转置）,gt,CHW,/root/autodl-tmp/results/QRNN3D/sigma30,/root/autodl-tmp/datasets/ICVL/Test_Noise/sigma30,严格复现 S2TDM Engine.test：CHW；输出和GT均不裁剪；无mask/边缘crop；PSNR逐波段后平均；SSIM为逐波段全图均值/协方差/方差公式后平均（非滑窗SSIM）；SAM逐像素光谱角后平均并转为度；最后对50张图作算术平均。,现有 QRNN3D 输出；统一推理脚本记录为 Gaussian checkpoint,"仅统计已有 ICVL Gaussian sigma10/30/50/70 与 Blind(σ∈[10,70]) 配对结果；complex、Urban 未纳入（结果目录中无对应的完整可评分配对输出）。"
QRNN3D,sigma50,50,41.434884,0.99191340,3.354694,restored,CHW（无需转置）,gt,CHW,/root/autodl-tmp/results/QRNN3D/sigma50,/root/autodl-tmp/datasets/ICVL/Test_Noise/sigma50,严格复现 S2TDM Engine.test：CHW；输出和GT均不裁剪；无mask/边缘crop；PSNR逐波段后平均；SSIM为逐波段全图均值/协方差/方差公式后平均（非滑窗SSIM）；SAM逐像素光谱角后平均并转为度；最后对50张图作算术平均。,现有 QRNN3D 输出；统一推理脚本记录为 Gaussian checkpoint,"仅统计已有 ICVL Gaussian sigma10/30/50/70 与 Blind(σ∈[10,70]) 配对结果；complex、Urban 未纳入（结果目录中无对应的完整可评分配对输出）。"
QRNN3D,sigma70,50,39.300675,0.98646396,4.623800,restored,CHW（无需转置）,gt,CHW,/root/autodl-tmp/results/QRNN3D/sigma70,/root/autodl-tmp/datasets/ICVL/Test_Noise/sigma70,严格复现 S2TDM Engine.test：CHW；输出和GT均不裁剪；无mask/边缘crop；PSNR逐波段后平均；SSIM为逐波段全图均值/协方差/方差公式后平均（非滑窗SSIM）；SAM逐像素光谱角后平均并转为度；最后对50张图作算术平均。,现有 QRNN3D 输出；统一推理脚本记录为 Gaussian checkpoint,"仅统计已有 ICVL Gaussian sigma10/30/50/70 与 Blind(σ∈[10,70]) 配对结果；complex、Urban 未纳入（结果目录中无对应的完整可评分配对输出）。"
S2TDM,sigma10,50,49.004953,0.99854051,1.549707,restored,CHW（无需转置）,gt,CHW,/root/autodl-tmp/results/S2TDM/sigma10,/root/autodl-tmp/datasets/ICVL/Test_Noise/sigma10,严格复现 S2TDM Engine.test：CHW；输出和GT均不裁剪；无mask/边缘crop；PSNR逐波段后平均；SSIM为逐波段全图均值/协方差/方差公式后平均（非滑窗SSIM）；SAM逐像素光谱角后平均并转为度；最后对50张图作算术平均。,现有 S2TDM 输出；统一推理脚本记录为 model_gaussian.pth,"仅统计已有 ICVL Gaussian sigma10/30/50/70 与 Blind(σ∈[10,70]) 配对结果；complex、Urban 未纳入（结果目录中无对应的完整可评分配对输出）。"
S2TDM,sigma30,50,45.011714,0.99636280,1.940479,restored,CHW（无需转置）,gt,CHW,/root/autodl-tmp/results/S2TDM/sigma30,/root/autodl-tmp/datasets/ICVL/Test_Noise/sigma30,严格复现 S2TDM Engine.test：CHW；输出和GT均不裁剪；无mask/边缘crop；PSNR逐波段后平均；SSIM为逐波段全图均值/协方差/方差公式后平均（非滑窗SSIM）；SAM逐像素光谱角后平均并转为度；最后对50张图作算术平均。,现有 S2TDM 输出；统一推理脚本记录为 model_gaussian.pth,"仅统计已有 ICVL Gaussian sigma10/30/50/70 与 Blind(σ∈[10,70]) 配对结果；complex、Urban 未纳入（结果目录中无对应的完整可评分配对输出）。"
S2TDM,sigma50,50,42.845310,0.99396699,2.250662,restored,CHW（无需转置）,gt,CHW,/root/autodl-tmp/results/S2TDM/sigma50,/root/autodl-tmp/datasets/ICVL/Test_Noise/sigma50,严格复现 S2TDM Engine.test：CHW；输出和GT均不裁剪；无mask/边缘crop；PSNR逐波段后平均；SSIM为逐波段全图均值/协方差/方差公式后平均（非滑窗SSIM）；SAM逐像素光谱角后平均并转为度；最后对50张图作算术平均。,现有 S2TDM 输出；统一推理脚本记录为 model_gaussian.pth,"仅统计已有 ICVL Gaussian sigma10/30/50/70 与 Blind(σ∈[10,70]) 配对结果；complex、Urban 未纳入（结果目录中无对应的完整可评分配对输出）。"
S2TDM,sigma70,50,41.352851,0.99147352,2.521034,restored,CHW（无需转置）,gt,CHW,/root/autodl-tmp/results/S2TDM/sigma70,/root/autodl-tmp/datasets/ICVL/Test_Noise/sigma70,严格复现 S2TDM Engine.test：CHW；输出和GT均不裁剪；无mask/边缘crop；PSNR逐波段后平均；SSIM为逐波段全图均值/协方差/方差公式后平均（非滑窗SSIM）；SAM逐像素光谱角后平均并转为度；最后对50张图作算术平均。,现有 S2TDM 输出；统一推理脚本记录为 model_gaussian.pth,"仅统计已有 ICVL Gaussian sigma10/30/50/70 与 Blind(σ∈[10,70]) 配对结果；complex、Urban 未纳入（结果目录中无对应的完整可评分配对输出）。"
LaMamba,sigma10,50,38.240528,0.97098075,7.350899,restored,CHW（无需转置）,gt,CHW,/root/autodl-tmp/results/LaMamba/sigma10,/root/autodl-tmp/datasets/ICVL/Test_Noise/sigma10,严格复现 S2TDM Engine.test：CHW；输出和GT均不裁剪；无mask/边缘crop；PSNR逐波段后平均；SSIM为逐波段全图均值/协方差/方差公式后平均（非滑窗SSIM）；SAM逐像素光谱角后平均并转为度；最后对50张图作算术平均。,现有 LaMamba 输出；统一推理脚本实际配置为 95.ckpt,"仅统计已有 ICVL Gaussian sigma10/30/50/70 与 Blind(σ∈[10,70]) 配对结果；complex、Urban 未纳入（结果目录中无对应的完整可评分配对输出）。"
LaMamba,sigma30,50,38.354778,0.97480896,7.687335,restored,CHW（无需转置）,gt,CHW,/root/autodl-tmp/results/LaMamba/sigma30,/root/autodl-tmp/datasets/ICVL/Test_Noise/sigma30,严格复现 S2TDM Engine.test：CHW；输出和GT均不裁剪；无mask/边缘crop；PSNR逐波段后平均；SSIM为逐波段全图均值/协方差/方差公式后平均（非滑窗SSIM）；SAM逐像素光谱角后平均并转为度；最后对50张图作算术平均。,现有 LaMamba 输出；统一推理脚本实际配置为 95.ckpt,"仅统计已有 ICVL Gaussian sigma10/30/50/70 与 Blind(σ∈[10,70]) 配对结果；complex、Urban 未纳入（结果目录中无对应的完整可评分配对输出）。"
LaMamba,sigma50,50,42.159678,0.99296824,2.960319,restored,CHW（无需转置）,gt,CHW,/root/autodl-tmp/results/LaMamba/sigma50,/root/autodl-tmp/datasets/ICVL/Test_Noise/sigma50,严格复现 S2TDM Engine.test：CHW；输出和GT均不裁剪；无mask/边缘crop；PSNR逐波段后平均；SSIM为逐波段全图均值/协方差/方差公式后平均（非滑窗SSIM）；SAM逐像素光谱角后平均并转为度；最后对50张图作算术平均。,现有 LaMamba 输出；统一推理脚本实际配置为 95.ckpt,"仅统计已有 ICVL Gaussian sigma10/30/50/70 与 Blind(σ∈[10,70]) 配对结果；complex、Urban 未纳入（结果目录中无对应的完整可评分配对输出）。"
LaMamba,sigma70,50,40.715812,0.99034923,2.917501,restored,CHW（无需转置）,gt,CHW,/root/autodl-tmp/results/LaMamba/sigma70,/root/autodl-tmp/datasets/ICVL/Test_Noise/sigma70,严格复现 S2TDM Engine.test：CHW；输出和GT均不裁剪；无mask/边缘crop；PSNR逐波段后平均；SSIM为逐波段全图均值/协方差/方差公式后平均（非滑窗SSIM）；SAM逐像素光谱角后平均并转为度；最后对50张图作算术平均。,现有 LaMamba 输出；统一推理脚本实际配置为 95.ckpt,"仅统计已有 ICVL Gaussian sigma10/30/50/70 与 Blind(σ∈[10,70]) 配对结果；complex、Urban 未纳入（结果目录中无对应的完整可评分配对输出）。"
HIRDiff_eta2_10,sigma10,50,37.250290,0.96032894,8.132641,restored,CHW（无需转置）,gt,CHW,/root/autodl-tmp/results/HIRDiff_eta2_10/sigma10,/root/autodl-tmp/datasets/ICVL/Test_Noise/sigma10,严格复现 S2TDM Engine.test：CHW；输出和GT均不裁剪；无mask/边缘crop；PSNR逐波段后平均；SSIM为逐波段全图均值/协方差/方差公式后平均（非滑窗SSIM）；SAM逐像素光谱角后平均并转为度；最后对50张图作算术平均。,现有 HIR-Diff 输出；eta2=10 运行设置,"仅统计已有 ICVL Gaussian sigma10/30/50/70 与 Blind(σ∈[10,70]) 配对结果；complex、Urban 未纳入（结果目录中无对应的完整可评分配对输出）。"
HIRDiff_eta2_10,sigma30,50,36.554268,0.95899678,8.324624,restored,CHW（无需转置）,gt,CHW,/root/autodl-tmp/results/HIRDiff_eta2_10/sigma30,/root/autodl-tmp/datasets/ICVL/Test_Noise/sigma30,严格复现 S2TDM Engine.test：CHW；输出和GT均不裁剪；无mask/边缘crop；PSNR逐波段后平均；SSIM为逐波段全图均值/协方差/方差公式后平均（非滑窗SSIM）；SAM逐像素光谱角后平均并转为度；最后对50张图作算术平均。,现有 HIR-Diff 输出；eta2=10 运行设置,"仅统计已有 ICVL Gaussian sigma10/30/50/70 与 Blind(σ∈[10,70]) 配对结果；complex、Urban 未纳入（结果目录中无对应的完整可评分配对输出）。"
HIRDiff_eta2_10,sigma50,50,33.126024,0.92848349,10.641444,restored,CHW（无需转置）,gt,CHW,/root/autodl-tmp/results/HIRDiff_eta2_10/sigma50,/root/autodl-tmp/datasets/ICVL/Test_Noise/sigma50,严格复现 S2TDM Engine.test：CHW；输出和GT均不裁剪；无mask/边缘crop；PSNR逐波段后平均；SSIM为逐波段全图均值/协方差/方差公式后平均（非滑窗SSIM）；SAM逐像素光谱角后平均并转为度；最后对50张图作算术平均。,现有 HIR-Diff 输出；eta2=10 运行设置,"仅统计已有 ICVL Gaussian sigma10/30/50/70 与 Blind(σ∈[10,70]) 配对结果；complex、Urban 未纳入（结果目录中无对应的完整可评分配对输出）。"
HIRDiff_eta2_10,sigma70,50,29.507721,0.86891168,13.100928,restored,CHW（无需转置）,gt,CHW,/root/autodl-tmp/results/HIRDiff_eta2_10/sigma70,/root/autodl-tmp/datasets/ICVL/Test_Noise/sigma70,严格复现 S2TDM Engine.test：CHW；输出和GT均不裁剪；无mask/边缘crop；PSNR逐波段后平均；SSIM为逐波段全图均值/协方差/方差公式后平均（非滑窗SSIM）；SAM逐像素光谱角后平均并转为度；最后对50张图作算术平均。,现有 HIR-Diff 输出；eta2=10 运行设置,"仅统计已有 ICVL Gaussian sigma10/30/50/70 与 Blind(σ∈[10,70]) 配对结果；complex、Urban 未纳入（结果目录中无对应的完整可评分配对输出）。"
HIRDiff_eta2_20,sigma10,50,36.604770,0.95867164,8.022378,restored,CHW（无需转置）,gt,CHW,/root/autodl-tmp/results/HIRDiff_eta2_20/sigma10,/root/autodl-tmp/datasets/ICVL/Test_Noise/sigma10,严格复现 S2TDM Engine.test：CHW；输出和GT均不裁剪；无mask/边缘crop；PSNR逐波段后平均；SSIM为逐波段全图均值/协方差/方差公式后平均（非滑窗SSIM）；SAM逐像素光谱角后平均并转为度；最后对50张图作算术平均。,现有 HIR-Diff 输出；eta2=20 运行设置,"仅统计已有 ICVL Gaussian sigma10/30/50/70 与 Blind(σ∈[10,70]) 配对结果；complex、Urban 未纳入（结果目录中无对应的完整可评分配对输出）。"
HIRDiff_eta2_20,sigma30,50,36.524387,0.96266632,7.750636,restored,CHW（无需转置）,gt,CHW,/root/autodl-tmp/results/HIRDiff_eta2_20/sigma30,/root/autodl-tmp/datasets/ICVL/Test_Noise/sigma30,严格复现 S2TDM Engine.test：CHW；输出和GT均不裁剪；无mask/边缘crop；PSNR逐波段后平均；SSIM为逐波段全图均值/协方差/方差公式后平均（非滑窗SSIM）；SAM逐像素光谱角后平均并转为度；最后对50张图作算术平均。,现有 HIR-Diff 输出；eta2=20 运行设置,"仅统计已有 ICVL Gaussian sigma10/30/50/70 与 Blind(σ∈[10,70]) 配对结果；complex、Urban 未纳入（结果目录中无对应的完整可评分配对输出）。"
HIRDiff_eta2_20,sigma50,50,35.394511,0.95022385,8.846610,restored,CHW（无需转置）,gt,CHW,/root/autodl-tmp/results/HIRDiff_eta2_20/sigma50,/root/autodl-tmp/datasets/ICVL/Test_Noise/sigma50,严格复现 S2TDM Engine.test：CHW；输出和GT均不裁剪；无mask/边缘crop；PSNR逐波段后平均；SSIM为逐波段全图均值/协方差/方差公式后平均（非滑窗SSIM）；SAM逐像素光谱角后平均并转为度；最后对50张图作算术平均。,现有 HIR-Diff 输出；eta2=20 运行设置,"仅统计已有 ICVL Gaussian sigma10/30/50/70 与 Blind(σ∈[10,70]) 配对结果；complex、Urban 未纳入（结果目录中无对应的完整可评分配对输出）。"
HIRDiff_eta2_20,sigma70,50,33.265545,0.93187514,9.798006,restored,CHW（无需转置）,gt,CHW,/root/autodl-tmp/results/HIRDiff_eta2_20/sigma70,/root/autodl-tmp/datasets/ICVL/Test_Noise/sigma70,严格复现 S2TDM Engine.test：CHW；输出和GT均不裁剪；无mask/边缘crop；PSNR逐波段后平均；SSIM为逐波段全图均值/协方差/方差公式后平均（非滑窗SSIM）；SAM逐像素光谱角后平均并转为度；最后对50张图作算术平均。,现有 HIR-Diff 输出；eta2=20 运行设置,"仅统计已有 ICVL Gaussian sigma10/30/50/70 与 Blind(σ∈[10,70]) 配对结果；complex、Urban 未纳入（结果目录中无对应的完整可评分配对输出）。"
HSDT,blind,50,44.275802,0.99546179,2.002925,restored,CHW（无需转置）,gt,CHW,/root/autodl-tmp/results/HSDT/blind,/root/autodl-tmp/datasets/ICVL/Test_Noise/blind,严格复现 S2TDM Engine.test：CHW；输出和GT均不裁剪；无mask/边缘crop；PSNR逐波段后平均；SSIM为逐波段全图均值/协方差/方差公式后平均（非滑窗SSIM）；SAM逐像素光谱角后平均并转为度；最后对50张图作算术平均。,checkpoints/HSDT/hsdt_l/gaussian/model_best.pth; checkpoint_sha256=8647de3065e435afc3306d272e92f8495b63eca3c160e44e58969ea4fbef2377; runner_sha256=2996e3df8b53d4dcf05938bfed50b5d5043021b767effc3bd0563e12e81dc80b; shared_io_sha256=ecf23c31bfb1234031b7917160ad2d79146694ecfd663c91beb89d1a0edd2004; run_fingerprint=a5707e1dde7cfa8b211a4a0882c18c3b90a09adff98f2e8f2a3a7c3eb15ce635,"ICVL Gaussian sigma10/30/50/70 与 Blind(σ∈[10,70])；Blind 每个已完成配置50张；NGMeet Blind 在外部设备运行，待上传后补齐；LaMamba_mixture 是额外权重对照。"
QRNN3D,blind,50,42.777092,0.99376186,2.835871,restored,CHW（无需转置）,gt,CHW,/root/autodl-tmp/results/QRNN3D/blind,/root/autodl-tmp/datasets/ICVL/Test_Noise/blind,严格复现 S2TDM Engine.test：CHW；输出和GT均不裁剪；无mask/边缘crop；PSNR逐波段后平均；SSIM为逐波段全图均值/协方差/方差公式后平均（非滑窗SSIM）；SAM逐像素光谱角后平均并转为度；最后对50张图作算术平均。,checkpoints/QRNN3D/gauss/model_epoch_50_118454.pth; checkpoint_sha256=f5a7b7a8383a5a40e93a0cec057347169a745a8d9d9aad1b2616ee9cfa7528c9; runner_sha256=f28a467ddb9c592fb6eef38db915f49d87647db99c3374e146642b6a36590278; shared_io_sha256=ecf23c31bfb1234031b7917160ad2d79146694ecfd663c91beb89d1a0edd2004; run_fingerprint=6607f61866c7136b0a959e4f197b2ec6502dacfcfabc99be1557be7d96e61540,"ICVL Gaussian sigma10/30/50/70 与 Blind(σ∈[10,70])；Blind 每个已完成配置50张；NGMeet Blind 在外部设备运行，待上传后补齐；LaMamba_mixture 是额外权重对照。"
S2TDM,blind,50,44.220923,0.99543992,2.042345,restored,CHW（无需转置）,gt,CHW,/root/autodl-tmp/results/S2TDM/blind,/root/autodl-tmp/datasets/ICVL/Test_Noise/blind,严格复现 S2TDM Engine.test：CHW；输出和GT均不裁剪；无mask/边缘crop；PSNR逐波段后平均；SSIM为逐波段全图均值/协方差/方差公式后平均（非滑窗SSIM）；SAM逐像素光谱角后平均并转为度；最后对50张图作算术平均。,checkpoints/S2TDM/model_gaussian.pth; checkpoint_sha256=2f7eb2b55b95b01cff3576b397e79a0dc11655d1eff9f9147cb000495ac52bad; runner_sha256=7e8227dc2754d824230ba33c7b39cab559375796bf9ba0e042b01a4ea1b4fa52; shared_io_sha256=ecf23c31bfb1234031b7917160ad2d79146694ecfd663c91beb89d1a0edd2004; run_fingerprint=4e5308a73232965925f992b11757ddafdc6bcf61ab4097380687e3bec6f3c171,"ICVL Gaussian sigma10/30/50/70 与 Blind(σ∈[10,70])；Blind 每个已完成配置50张；NGMeet Blind 在外部设备运行，待上传后补齐；LaMamba_mixture 是额外权重对照。"
LaMamba,blind,50,39.648307,0.97786114,6.411944,restored,CHW（无需转置）,gt,CHW,/root/autodl-tmp/results/LaMamba/blind,/root/autodl-tmp/datasets/ICVL/Test_Noise/blind,严格复现 S2TDM Engine.test：CHW；输出和GT均不裁剪；无mask/边缘crop；PSNR逐波段后平均；SSIM为逐波段全图均值/协方差/方差公式后平均（非滑窗SSIM）；SAM逐像素光谱角后平均并转为度；最后对50张图作算术平均。,checkpoints/LaMamba/95.ckpt; checkpoint_sha256=68b18ac37d8159f3f316d60e3c3ebae25520ecce9aba42c393bc56c5c80957c9; runner_sha256=1ced2e84cb708a94ccd032be4f0326eadab26f85f8370ca1034de3642e94cd7b; shared_io_sha256=ecf23c31bfb1234031b7917160ad2d79146694ecfd663c91beb89d1a0edd2004; run_fingerprint=45a1f862f8b034ee750d8304239ff0c728682e2bf880368185df78c1fb072b9e,"ICVL Gaussian sigma10/30/50/70 与 Blind(σ∈[10,70])；Blind 每个已完成配置50张；NGMeet Blind 在外部设备运行，待上传后补齐；LaMamba_mixture 是额外权重对照。"
LaMamba_mixture,blind,50,37.617051,0.97205541,8.130607,restored,CHW（无需转置）,gt,CHW,/root/autodl-tmp/results/LaMamba_mixture/blind,/root/autodl-tmp/datasets/ICVL/Test_Noise/blind,严格复现 S2TDM Engine.test：CHW；输出和GT均不裁剪；无mask/边缘crop；PSNR逐波段后平均；SSIM为逐波段全图均值/协方差/方差公式后平均（非滑窗SSIM）；SAM逐像素光谱角后平均并转为度；最后对50张图作算术平均。,checkpoints/LaMamba/mixture.ckpt (extra control); checkpoint_sha256=690419eb4798ba1facc2f42a293459869538c428e089075160e8bc3018fa1ddb; runner_sha256=1ced2e84cb708a94ccd032be4f0326eadab26f85f8370ca1034de3642e94cd7b; shared_io_sha256=ecf23c31bfb1234031b7917160ad2d79146694ecfd663c91beb89d1a0edd2004; run_fingerprint=28a2eb4470af4a74b38b73117e8640f75216260ac14ea21483bf14c8d31bd4aa,"ICVL Gaussian sigma10/30/50/70 与 Blind(σ∈[10,70])；Blind 每个已完成配置50张；NGMeet Blind 在外部设备运行，待上传后补齐；LaMamba_mixture 是额外权重对照。"
HIRDiff_eta2_10,blind,50,34.412654,0.93904053,9.346887,restored,CHW（无需转置）,gt,CHW,/root/autodl-tmp/results/HIRDiff_eta2_10/blind,/root/autodl-tmp/datasets/ICVL/Test_Noise/blind,严格复现 S2TDM Engine.test：CHW；输出和GT均不裁剪；无mask/边缘crop；PSNR逐波段后平均；SSIM为逐波段全图均值/协方差/方差公式后平均（非滑窗SSIM）；SAM逐像素光谱角后平均并转为度；最后对50张图作算术平均。,checkpoints/HIR-Diff/I190000_E97_gen.pth; eta1=16 eta2=10 k=8 step=20; checkpoint_sha256=fbc657dad536ec4ee7a43599d9d6f497d68dda7ebff49fa6d3af66f3432d56df; runner_sha256=8141870df071945d1580f7e1fab298b24a52c3b2200d789ed3ee7db30a876d09; shared_io_sha256=ecf23c31bfb1234031b7917160ad2d79146694ecfd663c91beb89d1a0edd2004; run_fingerprint=b44f3701e84f069d21677ed4f8b7e1d1a1a8a6e839b4209004f74f9a9e3aee19,"ICVL Gaussian sigma10/30/50/70 与 Blind(σ∈[10,70])；Blind 每个已完成配置50张；NGMeet Blind 在外部设备运行，待上传后补齐；LaMamba_mixture 是额外权重对照。"
HIRDiff_eta2_20,blind,50,35.478019,0.95098142,7.990767,restored,CHW（无需转置）,gt,CHW,/root/autodl-tmp/results/HIRDiff_eta2_20/blind,/root/autodl-tmp/datasets/ICVL/Test_Noise/blind,严格复现 S2TDM Engine.test：CHW；输出和GT均不裁剪；无mask/边缘crop；PSNR逐波段后平均；SSIM为逐波段全图均值/协方差/方差公式后平均（非滑窗SSIM）；SAM逐像素光谱角后平均并转为度；最后对50张图作算术平均。,checkpoints/HIR-Diff/I190000_E97_gen.pth; eta1=16 eta2=20 k=8 step=20; checkpoint_sha256=fbc657dad536ec4ee7a43599d9d6f497d68dda7ebff49fa6d3af66f3432d56df; runner_sha256=8141870df071945d1580f7e1fab298b24a52c3b2200d789ed3ee7db30a876d09; shared_io_sha256=ecf23c31bfb1234031b7917160ad2d79146694ecfd663c91beb89d1a0edd2004; run_fingerprint=63de89ab7d2dedd3c7dc7c0871879a919f3be5f1f8a6b83409f836dce780e11f,"ICVL Gaussian sigma10/30/50/70 与 Blind(σ∈[10,70])；Blind 每个已完成配置50张；NGMeet Blind 在外部设备运行，待上传后补齐；LaMamba_mixture 是额外权重对照。"
SST,sigma10,50,49.051548,0.99852995,1.498389,restored,CHW（无需转置）,gt,CHW,/root/autodl-tmp/results/SST/sigma10,/root/autodl-tmp/datasets/ICVL/Test_Noise/sigma10,严格复现 S2TDM Engine.test：CHW；输出和GT均不裁剪；无mask/边缘crop；PSNR逐波段后平均；SSIM为逐波段全图均值/协方差/方差公式后平均（非滑窗SSIM）；SAM逐像素光谱角后平均并转为度；最后对50张图作算术平均。,checkpoints/SST/checkpoints_gaussian.pth; official SST strict checkpoint['net']; FP32; checkpoint_sha256=ce924ff894c1ceff1a2a766498539c83988471aea94ca97f3a7e328672baca0f; runner_sha256=30f0bcc580fc6395078188483978d25c5db274b297420652c6eb5e6024089e8b; shared_io_sha256=ecf23c31bfb1234031b7917160ad2d79146694ecfd663c91beb89d1a0edd2004; run_fingerprint=99733f0eaefaf97af517045bfdfeb5ef8ce7019a9e69b4fe9d42a216d51b73c9; inference_core_sha256=588878aba718863e9cac51074d8ca1c8f793dfa0be00a456c397da1c7fb41425; mode_record_sha256=7d27bb9d2f7a311fd9e342741fdeb717a43d3c554474c61199c9552eb160d2a6; execution_report_sha256=8b942fa731435130048e2f410249f19e40a0fc53aabc2642b7685818442f3a4b; resolved_mode=full,ICVL Gaussian sigma10/30/50/70；所列模型每组50张；S2TDM 原生 PSNR/SSIM/SAM 口径。
SST,sigma30,50,44.833716,0.99620075,2.008669,restored,CHW（无需转置）,gt,CHW,/root/autodl-tmp/results/SST/sigma30,/root/autodl-tmp/datasets/ICVL/Test_Noise/sigma30,严格复现 S2TDM Engine.test：CHW；输出和GT均不裁剪；无mask/边缘crop；PSNR逐波段后平均；SSIM为逐波段全图均值/协方差/方差公式后平均（非滑窗SSIM）；SAM逐像素光谱角后平均并转为度；最后对50张图作算术平均。,checkpoints/SST/checkpoints_gaussian.pth; official SST strict checkpoint['net']; FP32; checkpoint_sha256=ce924ff894c1ceff1a2a766498539c83988471aea94ca97f3a7e328672baca0f; runner_sha256=30f0bcc580fc6395078188483978d25c5db274b297420652c6eb5e6024089e8b; shared_io_sha256=ecf23c31bfb1234031b7917160ad2d79146694ecfd663c91beb89d1a0edd2004; run_fingerprint=19fa08082695202f0141c1dda7950cc09983dcb7bfedcd4079d758c9b8228eec; inference_core_sha256=588878aba718863e9cac51074d8ca1c8f793dfa0be00a456c397da1c7fb41425; mode_record_sha256=7d27bb9d2f7a311fd9e342741fdeb717a43d3c554474c61199c9552eb160d2a6; execution_report_sha256=0832eccbdaa650eaac2e45bde1d6e89b8c66ad5e0942abd8654bbda748596c2c; resolved_mode=full,ICVL Gaussian sigma10/30/50/70；所列模型每组50张；S2TDM 原生 PSNR/SSIM/SAM 口径。
SST,sigma50,50,42.578937,0.99360276,2.375462,restored,CHW（无需转置）,gt,CHW,/root/autodl-tmp/results/SST/sigma50,/root/autodl-tmp/datasets/ICVL/Test_Noise/sigma50,严格复现 S2TDM Engine.test：CHW；输出和GT均不裁剪；无mask/边缘crop；PSNR逐波段后平均；SSIM为逐波段全图均值/协方差/方差公式后平均（非滑窗SSIM）；SAM逐像素光谱角后平均并转为度；最后对50张图作算术平均。,checkpoints/SST/checkpoints_gaussian.pth; official SST strict checkpoint['net']; FP32; checkpoint_sha256=ce924ff894c1ceff1a2a766498539c83988471aea94ca97f3a7e328672baca0f; runner_sha256=30f0bcc580fc6395078188483978d25c5db274b297420652c6eb5e6024089e8b; shared_io_sha256=ecf23c31bfb1234031b7917160ad2d79146694ecfd663c91beb89d1a0edd2004; run_fingerprint=81ea83874a52663d8967261c0382e1b853d6a7108f23ead18a7b65b2787979db; inference_core_sha256=588878aba718863e9cac51074d8ca1c8f793dfa0be00a456c397da1c7fb41425; mode_record_sha256=7d27bb9d2f7a311fd9e342741fdeb717a43d3c554474c61199c9552eb160d2a6; execution_report_sha256=f478886d7e7b272a6d2270857491bacde407802c8101f4a0d1978dade9c754d2; resolved_mode=full,ICVL Gaussian sigma10/30/50/70；所列模型每组50张；S2TDM 原生 PSNR/SSIM/SAM 口径。
SST,sigma70,50,41.038266,0.99089511,2.678085,restored,CHW（无需转置）,gt,CHW,/root/autodl-tmp/results/SST/sigma70,/root/autodl-tmp/datasets/ICVL/Test_Noise/sigma70,严格复现 S2TDM Engine.test：CHW；输出和GT均不裁剪；无mask/边缘crop；PSNR逐波段后平均；SSIM为逐波段全图均值/协方差/方差公式后平均（非滑窗SSIM）；SAM逐像素光谱角后平均并转为度；最后对50张图作算术平均。,checkpoints/SST/checkpoints_gaussian.pth; official SST strict checkpoint['net']; FP32; checkpoint_sha256=ce924ff894c1ceff1a2a766498539c83988471aea94ca97f3a7e328672baca0f; runner_sha256=30f0bcc580fc6395078188483978d25c5db274b297420652c6eb5e6024089e8b; shared_io_sha256=ecf23c31bfb1234031b7917160ad2d79146694ecfd663c91beb89d1a0edd2004; run_fingerprint=7c9a69779db24981e320cb2344c22204630580078160bebe0e9d4afbb1564060; inference_core_sha256=588878aba718863e9cac51074d8ca1c8f793dfa0be00a456c397da1c7fb41425; mode_record_sha256=7d27bb9d2f7a311fd9e342741fdeb717a43d3c554474c61199c9552eb160d2a6; execution_report_sha256=07b0370a9a594e9f8f98a9ecce3219e795bf738522977246874a5f8fa65ffefe; resolved_mode=full,ICVL Gaussian sigma10/30/50/70；所列模型每组50张；S2TDM 原生 PSNR/SSIM/SAM 口径。
SST,blind,50,44.029759,0.99523249,2.116363,restored,CHW（无需转置）,gt,CHW,/root/autodl-tmp/results/SST/blind,/root/autodl-tmp/datasets/ICVL/Test_Noise/blind,严格复现 S2TDM Engine.test：CHW；输出和GT均不裁剪；无mask/边缘crop；PSNR逐波段后平均；SSIM为逐波段全图均值/协方差/方差公式后平均（非滑窗SSIM）；SAM逐像素光谱角后平均并转为度；最后对50张图作算术平均。,checkpoints/SST/checkpoints_gaussian.pth; official SST strict checkpoint['net']; FP32; checkpoint_sha256=ce924ff894c1ceff1a2a766498539c83988471aea94ca97f3a7e328672baca0f; runner_sha256=30f0bcc580fc6395078188483978d25c5db274b297420652c6eb5e6024089e8b; shared_io_sha256=ecf23c31bfb1234031b7917160ad2d79146694ecfd663c91beb89d1a0edd2004; run_fingerprint=6a09ce47c301e0ddde5a1e647cf837cb6aca337cd0018a2009f9f2db1e586df9; inference_core_sha256=588878aba718863e9cac51074d8ca1c8f793dfa0be00a456c397da1c7fb41425; mode_record_sha256=7d27bb9d2f7a311fd9e342741fdeb717a43d3c554474c61199c9552eb160d2a6; execution_report_sha256=11d2cf629f5752aad24b2920c1b6ffbae4a110fdfba06d7bcbfdafed17cda49e; resolved_mode=full,"ICVL Blind σ∈[10,70]；所列模型每个配置50张；S2TDM 原生 PSNR/SSIM/SAM 口径。"
NGMeet,blind,50,42.673318,0.99275716,2.534392,denoised,MATLAB HWC -> h5py CWH -> CHW,gt,CHW,/root/autodl-tmp/results/NGMeet/blind,/root/autodl-tmp/datasets/ICVL/Test_Noise/blind,严格复现 S2TDM Engine.test：CHW；输出和GT均不裁剪；无mask/边缘crop；PSNR逐波段后平均；SSIM为逐波段全图均值/协方差/方差公式后平均（非滑窗SSIM）；SAM逐像素光谱角后平均并转为度；最后对50张图作算术平均。,external MATLAB output; checkpoint unavailable locally,"ICVL Blind σ∈[10,70]；所列模型每个配置50张；S2TDM 原生 PSNR/SSIM/SAM 口径。"
SERT,sigma10,50,49.401636,0.99869752,1.457749,restored,CHW（无需转置）,gt,CHW,/root/autodl-tmp/results/SERT/sigma10,/root/autodl-tmp/datasets/ICVL/Test_Noise/sigma10,严格复现 S2TDM Engine.test：CHW；输出和GT均不裁剪；无mask/边缘crop；PSNR逐波段后平均；SSIM为逐波段全图均值/协方差/方差公式后平均（非滑窗SSIM）；SAM逐像素光谱角后平均并转为度；最后对50张图作算术平均。,checkpoints/SERT/icvl_gaussian.pth; official SERT sert_base checkpoint['net']; FP32; checkpoint_sha256=520950cf6eda60fc38166da925721fee43b3b6ff48c6d20ff0c52f5ee89ff2d9; arch=sert_base (31 bands),"SERT 评测：ICVL Gaussian sigma10/30/50/70 + Blind(σ∈[10,70]) + Complex 5 变体；每配置50张；S2TDM 原生 PSNR/SSIM/SAM 口径。"
SERT,sigma30,50,45.117073,0.99649627,1.919034,restored,CHW（无需转置）,gt,CHW,/root/autodl-tmp/results/SERT/sigma30,/root/autodl-tmp/datasets/ICVL/Test_Noise/sigma30,严格复现 S2TDM Engine.test：CHW；输出和GT均不裁剪；无mask/边缘crop；PSNR逐波段后平均；SSIM为逐波段全图均值/协方差/方差公式后平均（非滑窗SSIM）；SAM逐像素光谱角后平均并转为度；最后对50张图作算术平均。,checkpoints/SERT/icvl_gaussian.pth; official SERT sert_base checkpoint['net']; FP32; checkpoint_sha256=520950cf6eda60fc38166da925721fee43b3b6ff48c6d20ff0c52f5ee89ff2d9; arch=sert_base (31 bands),"SERT 评测：ICVL Gaussian sigma10/30/50/70 + Blind(σ∈[10,70]) + Complex 5 变体；每配置50张；S2TDM 原生 PSNR/SSIM/SAM 口径。"
SERT,sigma50,50,42.883155,0.99409861,2.261941,restored,CHW（无需转置）,gt,CHW,/root/autodl-tmp/results/SERT/sigma50,/root/autodl-tmp/datasets/ICVL/Test_Noise/sigma50,严格复现 S2TDM Engine.test：CHW；输出和GT均不裁剪；无mask/边缘crop；PSNR逐波段后平均；SSIM为逐波段全图均值/协方差/方差公式后平均（非滑窗SSIM）；SAM逐像素光谱角后平均并转为度；最后对50张图作算术平均。,checkpoints/SERT/icvl_gaussian.pth; official SERT sert_base checkpoint['net']; FP32; checkpoint_sha256=520950cf6eda60fc38166da925721fee43b3b6ff48c6d20ff0c52f5ee89ff2d9; arch=sert_base (31 bands),"SERT 评测：ICVL Gaussian sigma10/30/50/70 + Blind(σ∈[10,70]) + Complex 5 变体；每配置50张；S2TDM 原生 PSNR/SSIM/SAM 口径。"
SERT,sigma70,50,41.350464,0.99161161,2.573321,restored,CHW（无需转置）,gt,CHW,/root/autodl-tmp/results/SERT/sigma70,/root/autodl-tmp/datasets/ICVL/Test_Noise/sigma70,严格复现 S2TDM Engine.test：CHW；输出和GT均不裁剪；无mask/边缘crop；PSNR逐波段后平均；SSIM为逐波段全图均值/协方差/方差公式后平均（非滑窗SSIM）；SAM逐像素光谱角后平均并转为度；最后对50张图作算术平均。,checkpoints/SERT/icvl_gaussian.pth; official SERT sert_base checkpoint['net']; FP32; checkpoint_sha256=520950cf6eda60fc38166da925721fee43b3b6ff48c6d20ff0c52f5ee89ff2d9; arch=sert_base (31 bands),"SERT 评测：ICVL Gaussian sigma10/30/50/70 + Blind(σ∈[10,70]) + Complex 5 变体；每配置50张；S2TDM 原生 PSNR/SSIM/SAM 口径。"
SERT,blind,50,44.317801,0.99558981,2.028141,restored,CHW（无需转置）,gt,CHW,/root/autodl-tmp/results/SERT/blind,/root/autodl-tmp/datasets/ICVL/Test_Noise/blind,严格复现 S2TDM Engine.test：CHW；输出和GT均不裁剪；无mask/边缘crop；PSNR逐波段后平均；SSIM为逐波段全图均值/协方差/方差公式后平均（非滑窗SSIM）；SAM逐像素光谱角后平均并转为度；最后对50张图作算术平均。,checkpoints/SERT/icvl_gaussian.pth; official SERT sert_base checkpoint['net']; FP32; checkpoint_sha256=520950cf6eda60fc38166da925721fee43b3b6ff48c6d20ff0c52f5ee89ff2d9; arch=sert_base (31 bands),"SERT 评测：ICVL Gaussian sigma10/30/50/70 + Blind(σ∈[10,70]) + Complex 5 变体；每配置50张；S2TDM 原生 PSNR/SSIM/SAM 口径。"
TDSAT,sigma10,50,48.225365,0.99796979,1.656656,streamed_tensor,CHW（内存直算；未保存 MAT）,gt,CHW,streaming://no-persistent-output,/root/autodl-tmp/datasets/ICVL/Test_Noise/sigma10,严格复现 S2TDM Engine.test：CHW；输出和GT均不裁剪；无mask/边缘crop；PSNR逐波段后平均；SSIM为逐波段全图均值/协方差/方差公式后平均（非滑窗SSIM）；SAM逐像素光谱角后平均并转为度；最后对50张图作算术平均。,"https://github.com/Featherrain/TDSAT.git@341b9b4623564142629cfc5adfd2c4a2f963ce46; checkpoint=/root/autodl-tmp/projects/TDSAT/pretrained/model_epoch_50.pth; checkpoint_sha256=44cc8598c5ab4074f11fedfa2e693eaf00ca0f3fd870e267250746aa8d3a6bde; runner_sha256=77c41a56deda50df947742c893ae3986688b7549c7858a9da68c7e3cb301ec10; run_fingerprint=e26e29d5197868fbc68398e3bcd0509115edf8c5fbba29bab31953f0a321d6d9; TDSAT(1,16,5,[1,3]); FP32; full-image; no clipping; streaming/no MAT output","ICVL Gaussian sigma10/30/50/70、Blind(σ∈[10,70]) 与 Complex 五类；每个已发布配置50张；预测在内存中按 S2TDM 原生口径直算，未保存 MAT。"
TDSAT,sigma30,50,43.894932,0.99495225,2.175665,streamed_tensor,CHW（内存直算；未保存 MAT）,gt,CHW,streaming://no-persistent-output,/root/autodl-tmp/datasets/ICVL/Test_Noise/sigma30,严格复现 S2TDM Engine.test：CHW；输出和GT均不裁剪；无mask/边缘crop；PSNR逐波段后平均；SSIM为逐波段全图均值/协方差/方差公式后平均（非滑窗SSIM）；SAM逐像素光谱角后平均并转为度；最后对50张图作算术平均。,"https://github.com/Featherrain/TDSAT.git@341b9b4623564142629cfc5adfd2c4a2f963ce46; checkpoint=/root/autodl-tmp/projects/TDSAT/pretrained/model_epoch_50.pth; checkpoint_sha256=44cc8598c5ab4074f11fedfa2e693eaf00ca0f3fd870e267250746aa8d3a6bde; runner_sha256=77c41a56deda50df947742c893ae3986688b7549c7858a9da68c7e3cb301ec10; run_fingerprint=e26e29d5197868fbc68398e3bcd0509115edf8c5fbba29bab31953f0a321d6d9; TDSAT(1,16,5,[1,3]); FP32; full-image; no clipping; streaming/no MAT output","ICVL Gaussian sigma10/30/50/70、Blind(σ∈[10,70]) 与 Complex 五类；每个已发布配置50张；预测在内存中按 S2TDM 原生口径直算，未保存 MAT。"
TDSAT,sigma50,50,41.630905,0.99169330,2.623911,streamed_tensor,CHW（内存直算；未保存 MAT）,gt,CHW,streaming://no-persistent-output,/root/autodl-tmp/datasets/ICVL/Test_Noise/sigma50,严格复现 S2TDM Engine.test：CHW；输出和GT均不裁剪；无mask/边缘crop；PSNR逐波段后平均；SSIM为逐波段全图均值/协方差/方差公式后平均（非滑窗SSIM）；SAM逐像素光谱角后平均并转为度；最后对50张图作算术平均。,"https://github.com/Featherrain/TDSAT.git@341b9b4623564142629cfc5adfd2c4a2f963ce46; checkpoint=/root/autodl-tmp/projects/TDSAT/pretrained/model_epoch_50.pth; checkpoint_sha256=44cc8598c5ab4074f11fedfa2e693eaf00ca0f3fd870e267250746aa8d3a6bde; runner_sha256=77c41a56deda50df947742c893ae3986688b7549c7858a9da68c7e3cb301ec10; run_fingerprint=e26e29d5197868fbc68398e3bcd0509115edf8c5fbba29bab31953f0a321d6d9; TDSAT(1,16,5,[1,3]); FP32; full-image; no clipping; streaming/no MAT output","ICVL Gaussian sigma10/30/50/70、Blind(σ∈[10,70]) 与 Complex 五类；每个已发布配置50张；预测在内存中按 S2TDM 原生口径直算，未保存 MAT。"
TDSAT,sigma70,50,39.908835,0.98774908,3.179712,streamed_tensor,CHW（内存直算；未保存 MAT）,gt,CHW,streaming://no-persistent-output,/root/autodl-tmp/datasets/ICVL/Test_Noise/sigma70,严格复现 S2TDM Engine.test：CHW；输出和GT均不裁剪；无mask/边缘crop；PSNR逐波段后平均；SSIM为逐波段全图均值/协方差/方差公式后平均（非滑窗SSIM）；SAM逐像素光谱角后平均并转为度；最后对50张图作算术平均。,"https://github.com/Featherrain/TDSAT.git@341b9b4623564142629cfc5adfd2c4a2f963ce46; checkpoint=/root/autodl-tmp/projects/TDSAT/pretrained/model_epoch_50.pth; checkpoint_sha256=44cc8598c5ab4074f11fedfa2e693eaf00ca0f3fd870e267250746aa8d3a6bde; runner_sha256=77c41a56deda50df947742c893ae3986688b7549c7858a9da68c7e3cb301ec10; run_fingerprint=e26e29d5197868fbc68398e3bcd0509115edf8c5fbba29bab31953f0a321d6d9; TDSAT(1,16,5,[1,3]); FP32; full-image; no clipping; streaming/no MAT output","ICVL Gaussian sigma10/30/50/70、Blind(σ∈[10,70]) 与 Complex 五类；每个已发布配置50张；预测在内存中按 S2TDM 原生口径直算，未保存 MAT。"
TDSAT,blind,50,43.067593,0.99373114,2.327108,streamed_tensor,CHW（内存直算；未保存 MAT）,gt,CHW,streaming://no-persistent-output,/root/autodl-tmp/datasets/ICVL/Test_Noise/blind,严格复现 S2TDM Engine.test：CHW；输出和GT均不裁剪；无mask/边缘crop；PSNR逐波段后平均；SSIM为逐波段全图均值/协方差/方差公式后平均（非滑窗SSIM）；SAM逐像素光谱角后平均并转为度；最后对50张图作算术平均。,"https://github.com/Featherrain/TDSAT.git@341b9b4623564142629cfc5adfd2c4a2f963ce46; checkpoint=/root/autodl-tmp/projects/TDSAT/pretrained/model_epoch_50.pth; checkpoint_sha256=44cc8598c5ab4074f11fedfa2e693eaf00ca0f3fd870e267250746aa8d3a6bde; runner_sha256=77c41a56deda50df947742c893ae3986688b7549c7858a9da68c7e3cb301ec10; run_fingerprint=e26e29d5197868fbc68398e3bcd0509115edf8c5fbba29bab31953f0a321d6d9; TDSAT(1,16,5,[1,3]); FP32; full-image; no clipping; streaming/no MAT output","ICVL Gaussian sigma10/30/50/70、Blind(σ∈[10,70]) 与 Complex 五类；每个已发布配置50张；预测在内存中按 S2TDM 原生口径直算，未保存 MAT。"
FIDNet,sigma10,50,46.490422,0.99754694,1.867248,streamed_tensor,CHW（内存直算；未保存 MAT）,gt,CHW,streaming://no-persistent-output,/root/autodl-tmp/datasets/ICVL/Test_Noise/sigma10,严格复现 S2TDM Engine.test：CHW；输出和GT均不裁剪；无mask/边缘crop；PSNR逐波段后平均；SSIM为逐波段全图均值/协方差/方差公式后平均（非滑窗SSIM）；SAM逐像素光谱角后平均并转为度；最后对50张图作算术平均。,"https://github.com/MIV-XJTU/FIDNet.git@cde4e2a67c9f2b320da4a9c12754bfaff8abf428; checkpoint=/root/autodl-tmp/projects/FIDNet/checkpoint/fidnet.pth; checkpoint_sha256=53360d94d73445ec647592d375e0982a9b920aaa47ad1eb731195f957759f72a; runner_sha256=77c41a56deda50df947742c893ae3986688b7549c7858a9da68c7e3cb301ec10; run_fingerprint=2649df2f1493e4ec6f0cb694f82f68427e5054af2b7d614ed38889cb49db0612; FIDNet(hid_S=12,hid_T=12); FP32; full-image; no clipping; streaming/no MAT output","ICVL Gaussian sigma10/30/50/70、Blind(σ∈[10,70]) 与 Complex 五类；每个已发布配置50张；预测在内存中按 S2TDM 原生口径直算，未保存 MAT。"
FIDNet,sigma30,50,42.929022,0.99363399,2.458182,streamed_tensor,CHW（内存直算；未保存 MAT）,gt,CHW,streaming://no-persistent-output,/root/autodl-tmp/datasets/ICVL/Test_Noise/sigma30,严格复现 S2TDM Engine.test：CHW；输出和GT均不裁剪；无mask/边缘crop；PSNR逐波段后平均；SSIM为逐波段全图均值/协方差/方差公式后平均（非滑窗SSIM）；SAM逐像素光谱角后平均并转为度；最后对50张图作算术平均。,"https://github.com/MIV-XJTU/FIDNet.git@cde4e2a67c9f2b320da4a9c12754bfaff8abf428; checkpoint=/root/autodl-tmp/projects/FIDNet/checkpoint/fidnet.pth; checkpoint_sha256=53360d94d73445ec647592d375e0982a9b920aaa47ad1eb731195f957759f72a; runner_sha256=77c41a56deda50df947742c893ae3986688b7549c7858a9da68c7e3cb301ec10; run_fingerprint=2649df2f1493e4ec6f0cb694f82f68427e5054af2b7d614ed38889cb49db0612; FIDNet(hid_S=12,hid_T=12); FP32; full-image; no clipping; streaming/no MAT output","ICVL Gaussian sigma10/30/50/70、Blind(σ∈[10,70]) 与 Complex 五类；每个已发布配置50张；预测在内存中按 S2TDM 原生口径直算，未保存 MAT。"
FIDNet,sigma50,50,40.846955,0.98964731,2.971497,streamed_tensor,CHW（内存直算；未保存 MAT）,gt,CHW,streaming://no-persistent-output,/root/autodl-tmp/datasets/ICVL/Test_Noise/sigma50,严格复现 S2TDM Engine.test：CHW；输出和GT均不裁剪；无mask/边缘crop；PSNR逐波段后平均；SSIM为逐波段全图均值/协方差/方差公式后平均（非滑窗SSIM）；SAM逐像素光谱角后平均并转为度；最后对50张图作算术平均。,"https://github.com/MIV-XJTU/FIDNet.git@cde4e2a67c9f2b320da4a9c12754bfaff8abf428; checkpoint=/root/autodl-tmp/projects/FIDNet/checkpoint/fidnet.pth; checkpoint_sha256=53360d94d73445ec647592d375e0982a9b920aaa47ad1eb731195f957759f72a; runner_sha256=77c41a56deda50df947742c893ae3986688b7549c7858a9da68c7e3cb301ec10; run_fingerprint=2649df2f1493e4ec6f0cb694f82f68427e5054af2b7d614ed38889cb49db0612; FIDNet(hid_S=12,hid_T=12); FP32; full-image; no clipping; streaming/no MAT output","ICVL Gaussian sigma10/30/50/70、Blind(σ∈[10,70]) 与 Complex 五类；每个已发布配置50张；预测在内存中按 S2TDM 原生口径直算，未保存 MAT。"
FIDNet,sigma70,50,39.274917,0.98476343,3.468878,streamed_tensor,CHW（内存直算；未保存 MAT）,gt,CHW,streaming://no-persistent-output,/root/autodl-tmp/datasets/ICVL/Test_Noise/sigma70,严格复现 S2TDM Engine.test：CHW；输出和GT均不裁剪；无mask/边缘crop；PSNR逐波段后平均；SSIM为逐波段全图均值/协方差/方差公式后平均（非滑窗SSIM）；SAM逐像素光谱角后平均并转为度；最后对50张图作算术平均。,"https://github.com/MIV-XJTU/FIDNet.git@cde4e2a67c9f2b320da4a9c12754bfaff8abf428; checkpoint=/root/autodl-tmp/projects/FIDNet/checkpoint/fidnet.pth; checkpoint_sha256=53360d94d73445ec647592d375e0982a9b920aaa47ad1eb731195f957759f72a; runner_sha256=77c41a56deda50df947742c893ae3986688b7549c7858a9da68c7e3cb301ec10; run_fingerprint=2649df2f1493e4ec6f0cb694f82f68427e5054af2b7d614ed38889cb49db0612; FIDNet(hid_S=12,hid_T=12); FP32; full-image; no clipping; streaming/no MAT output","ICVL Gaussian sigma10/30/50/70、Blind(σ∈[10,70]) 与 Complex 五类；每个已发布配置50张；预测在内存中按 S2TDM 原生口径直算，未保存 MAT。"
FIDNet,blind,50,41.961271,0.99216761,2.687299,streamed_tensor,CHW（内存直算；未保存 MAT）,gt,CHW,streaming://no-persistent-output,/root/autodl-tmp/datasets/ICVL/Test_Noise/blind,严格复现 S2TDM Engine.test：CHW；输出和GT均不裁剪；无mask/边缘crop；PSNR逐波段后平均；SSIM为逐波段全图均值/协方差/方差公式后平均（非滑窗SSIM）；SAM逐像素光谱角后平均并转为度；最后对50张图作算术平均。,"https://github.com/MIV-XJTU/FIDNet.git@cde4e2a67c9f2b320da4a9c12754bfaff8abf428; checkpoint=/root/autodl-tmp/projects/FIDNet/checkpoint/fidnet.pth; checkpoint_sha256=53360d94d73445ec647592d375e0982a9b920aaa47ad1eb731195f957759f72a; runner_sha256=77c41a56deda50df947742c893ae3986688b7549c7858a9da68c7e3cb301ec10; run_fingerprint=2649df2f1493e4ec6f0cb694f82f68427e5054af2b7d614ed38889cb49db0612; FIDNet(hid_S=12,hid_T=12); FP32; full-image; no clipping; streaming/no MAT output","ICVL Gaussian sigma10/30/50/70、Blind(σ∈[10,70]) 与 Complex 五类；每个已发布配置50张；预测在内存中按 S2TDM 原生口径直算，未保存 MAT。"
